"year","teamName","LeagueAbbr"
2014,"Abilene Christian","Sthland"
2015,"Abilene Christian","Sthland"
2016,"Abilene Christian","Sthland"
2017,"Abilene Christian","Sthland"
2018,"Abilene Christian","Sthland"
2019,"Abilene Christian","Sthland"
2020,"Abilene Christian","Sthland"
2010,"Air Force","MWC"
2011,"Air Force","MWC"
2012,"Air Force","MWC"
2013,"Air Force","MWC"
2014,"Air Force","MWC"
2015,"Air Force","MWC"
2016,"Air Force","MWC"
2017,"Air Force","MWC"
2018,"Air Force","MWC"
2019,"Air Force","MWC"
2020,"Air Force","MWC"
2010,"Akron","MAC"
2011,"Akron","MAC"
2012,"Akron","MAC"
2013,"Akron","MAC"
2014,"Akron","MAC"
2015,"Akron","MAC"
2010,"Alabama","SEC"
2011,"Alabama","SEC"
2012,"Alabama","SEC"
2013,"Alabama","SEC"
2014,"Alabama","SEC"
2015,"Alabama","SEC"
2016,"Alabama","SEC"
2017,"Alabama","SEC"
2018,"Alabama","SEC"
2019,"Alabama","SEC"
2020,"Alabama","SEC"
2010,"Alabama-Birmingham","ConfUSA"
2011,"Alabama-Birmingham","ConfUSA"
2012,"Alabama-Birmingham","ConfUSA"
2013,"Alabama-Birmingham","ConfUSA"
2014,"Alabama-Birmingham","ConfUSA"
2015,"Alabama-Birmingham","ConfUSA"
2016,"Alabama-Birmingham","ConfUSA"
2017,"Alabama-Birmingham","ConfUSA"
2018,"Alabama-Birmingham","ConfUSA"
2019,"Alabama-Birmingham","ConfUSA"
2020,"Alabama-Birmingham","ConfUSA"
2010,"Alabama A&M","SWAC"
2011,"Alabama A&M","SWAC"
2012,"Alabama A&M","SWAC"
2013,"Alabama A&M","SWAC"
2014,"Alabama A&M","SWAC"
2015,"Alabama A&M","SWAC"
2016,"Alabama A&M","SWAC"
2017,"Alabama A&M","SWAC"
2018,"Alabama A&M","SWAC"
2019,"Alabama A&M","SWAC"
2020,"Alabama A&M","SWAC"
2010,"Alabama State","SWAC"
2011,"Alabama State","SWAC"
2012,"Alabama State","SWAC"
2013,"Alabama State","SWAC"
2014,"Alabama State","SWAC"
2015,"Alabama State","SWAC"
2016,"Alabama State","SWAC"
2017,"Alabama State","SWAC"
2018,"Alabama State","SWAC"
2019,"Alabama State","SWAC"
2020,"Alabama State","SWAC"
2010,"Alcorn State","SWAC"
2011,"Alcorn State","SWAC"
2012,"Alcorn State","SWAC"
2013,"Alcorn State","SWAC"
2014,"Alcorn State","SWAC"
2015,"Alcorn State","SWAC"
2016,"Alcorn State","SWAC"
2017,"Alcorn State","SWAC"
2018,"Alcorn State","SWAC"
2019,"Alcorn State","SWAC"
2020,"Alcorn State","SWAC"
2010,"Appalachian State","SoCon"
2011,"Appalachian State","SoCon"
2012,"Appalachian State","SoCon"
2013,"Appalachian State","SoCon"
2014,"Appalachian State","SoCon"
2015,"Appalachian State","SBC"
2016,"Appalachian State","SBC"
2017,"Appalachian State","SBC"
2018,"Appalachian State","SBC"
2019,"Appalachian State","SBC"
2020,"Appalachian State","SBC"
2010,"Arizona","Pac10"
2011,"Arizona","Pac10"
2012,"Arizona","Pac12"
2013,"Arizona","Pac12"
2014,"Arizona","Pac12"
2015,"Arizona","Pac12"
2016,"Arizona","Pac12"
2017,"Arizona","Pac12"
2018,"Arizona","Pac12"
2019,"Arizona","Pac12"
2020,"Arizona","Pac12"
2010,"Arizona State","Pac10"
2011,"Arizona State","Pac10"
2012,"Arizona State","Pac12"
2013,"Arizona State","Pac12"
2014,"Arizona State","Pac12"
2015,"Arizona State","Pac12"
2016,"Arizona State","Pac12"
2017,"Arizona State","Pac12"
2018,"Arizona State","Pac12"
2019,"Arizona State","Pac12"
2020,"Arizona State","Pac12"
2010,"Ark-Little Rock","SBC"
2011,"Ark-Little Rock","SBC"
2012,"Ark-Little Rock","SBC"
2013,"Ark-Little Rock","SBC"
2014,"Ark-Little Rock","SBC"
2015,"Ark-Little Rock","SBC"
2016,"Ark-Little Rock","SBC"
2017,"Ark-Little Rock","SBC"
2018,"Ark-Little Rock","SBC"
2019,"Ark-Little Rock","SBC"
2020,"Ark-Little Rock","SBC"
2010,"Arkansas","SEC"
2011,"Arkansas","SEC"
2012,"Arkansas","SEC"
2013,"Arkansas","SEC"
2014,"Arkansas","SEC"
2015,"Arkansas","SEC"
2016,"Arkansas","SEC"
2017,"Arkansas","SEC"
2018,"Arkansas","SEC"
2019,"Arkansas","SEC"
2020,"Arkansas","SEC"
2010,"Arkansas-Pine Bluff","SWAC"
2011,"Arkansas-Pine Bluff","SWAC"
2012,"Arkansas-Pine Bluff","SWAC"
2013,"Arkansas-Pine Bluff","SWAC"
2014,"Arkansas-Pine Bluff","SWAC"
2015,"Arkansas-Pine Bluff","SWAC"
2016,"Arkansas-Pine Bluff","SWAC"
2017,"Arkansas-Pine Bluff","SWAC"
2018,"Arkansas-Pine Bluff","SWAC"
2019,"Arkansas-Pine Bluff","SWAC"
2020,"Arkansas-Pine Bluff","SWAC"
2010,"Arkansas State","SBC"
2011,"Arkansas State","SBC"
2012,"Arkansas State","SBC"
2013,"Arkansas State","SBC"
2014,"Arkansas State","SBC"
2015,"Arkansas State","SBC"
2016,"Arkansas State","SBC"
2017,"Arkansas State","SBC"
2018,"Arkansas State","SBC"
2019,"Arkansas State","SBC"
2020,"Arkansas State","SBC"
2010,"Army","Patriot"
2011,"Army","Patriot"
2012,"Army","Patriot"
2013,"Army","Patriot"
2014,"Army","Patriot"
2015,"Army","Patriot"
2016,"Army","Patriot"
2017,"Army","Patriot"
2018,"Army","Patriot"
2019,"Army","Patriot"
2020,"Army","Patriot"
2010,"Auburn","SEC"
2011,"Auburn","SEC"
2012,"Auburn","SEC"
2013,"Auburn","SEC"
2014,"Auburn","SEC"
2015,"Auburn","SEC"
2016,"Auburn","SEC"
2017,"Auburn","SEC"
2018,"Auburn","SEC"
2019,"Auburn","SEC"
2020,"Auburn","SEC"
2010,"Austin Peay","OVC"
2011,"Austin Peay","OVC"
2012,"Austin Peay","OVC"
2013,"Austin Peay","OVC"
2014,"Austin Peay","OVC"
2015,"Austin Peay","OVC"
2016,"Austin Peay","OVC"
2017,"Austin Peay","OVC"
2018,"Austin Peay","OVC"
2019,"Austin Peay","OVC"
2020,"Austin Peay","OVC"
2010,"Ball State","MAC"
2011,"Ball State","MAC"
2012,"Ball State","MAC"
2013,"Ball State","MAC"
2014,"Ball State","MAC"
2015,"Ball State","MAC"
2016,"Ball State","MAC"
2017,"Ball State","MAC"
2018,"Ball State","MAC"
2019,"Ball State","MAC"
2020,"Ball State","MAC"
2010,"Baylor","Big12"
2011,"Baylor","Big12"
2012,"Baylor","Big12"
2013,"Baylor","Big12"
2014,"Baylor","Big12"
2015,"Baylor","Big12"
2016,"Baylor","Big12"
2017,"Baylor","Big12"
2018,"Baylor","Big12"
2019,"Baylor","Big12"
2020,"Baylor","Big12"
2010,"Belmont","AtlSun"
2011,"Belmont","AtlSun"
2012,"Belmont","AtlSun"
2013,"Belmont","OVC"
2014,"Belmont","OVC"
2015,"Belmont","OVC"
2016,"Belmont","OVC"
2017,"Belmont","OVC"
2018,"Belmont","OVC"
2019,"Belmont","OVC"
2020,"Belmont","OVC"
2010,"Bethune-Cookman","MEAC"
2011,"Bethune-Cookman","MEAC"
2012,"Bethune-Cookman","MEAC"
2013,"Bethune-Cookman","MEAC"
2014,"Bethune-Cookman","MEAC"
2015,"Bethune-Cookman","MEAC"
2016,"Bethune-Cookman","MEAC"
2017,"Bethune-Cookman","MEAC"
2018,"Bethune-Cookman","MEAC"
2019,"Bethune-Cookman","MEAC"
2020,"Bethune-Cookman","MEAC"
2010,"Binghamton","AmEast"
2011,"Binghamton","AmEast"
2012,"Binghamton","AmEast"
2013,"Binghamton","AmEast"
2014,"Binghamton","AmEast"
2015,"Binghamton","AmEast"
2016,"Binghamton","AmEast"
2017,"Binghamton","AmEast"
2018,"Binghamton","AmEast"
2019,"Binghamton","AmEast"
2020,"Binghamton","AmEast"
2020,"Boise State","MWC"
2010,"Boston College","ACC"
2011,"Boston College","ACC"
2012,"Boston College","ACC"
2013,"Boston College","ACC"
2014,"Boston College","ACC"
2015,"Boston College","ACC"
2016,"Boston College","ACC"
2017,"Boston College","ACC"
2018,"Boston College","ACC"
2019,"Boston College","ACC"
2020,"Boston College","ACC"
2010,"Bowling Green State","MAC"
2011,"Bowling Green State","MAC"
2012,"Bowling Green State","MAC"
2013,"Bowling Green State","MAC"
2014,"Bowling Green State","MAC"
2015,"Bowling Green State","MAC"
2016,"Bowling Green State","MAC"
2017,"Bowling Green State","MAC"
2018,"Bowling Green State","MAC"
2019,"Bowling Green State","MAC"
2020,"Bowling Green State","MAC"
2010,"Bradley","MVC"
2011,"Bradley","MVC"
2012,"Bradley","MVC"
2013,"Bradley","MVC"
2014,"Bradley","MVC"
2015,"Bradley","MVC"
2016,"Bradley","MVC"
2017,"Bradley","MVC"
2018,"Bradley","MVC"
2019,"Bradley","MVC"
2020,"Bradley","MVC"
2013,"Briar Cliff University","Plains"
2014,"Briar Cliff University","Plains"
2015,"Briar Cliff University","Plains"
2017,"Briar Cliff University","Plains"
2010,"Brigham Young","MWC"
2011,"Brigham Young","MWC"
2012,"Brigham Young","WCC"
2013,"Brigham Young","WCC"
2014,"Brigham Young","WCC"
2015,"Brigham Young","WCC"
2016,"Brigham Young","WCC"
2017,"Brigham Young","WCC"
2018,"Brigham Young","WCC"
2019,"Brigham Young","WCC"
2020,"Brigham Young","WCC"
2010,"Brown","Ivy"
2011,"Brown","Ivy"
2012,"Brown","Ivy"
2013,"Brown","Ivy"
2014,"Brown","Ivy"
2015,"Brown","Ivy"
2016,"Brown","Ivy"
2017,"Brown","Ivy"
2018,"Brown","Ivy"
2019,"Brown","Ivy"
2020,"Brown","Ivy"
2010,"Bryant University","NEC"
2011,"Bryant University","NEC"
2012,"Bryant University","NEC"
2013,"Bryant University","NEC"
2014,"Bryant University","NEC"
2015,"Bryant University","NEC"
2016,"Bryant University","NEC"
2017,"Bryant University","NEC"
2018,"Bryant University","NEC"
2019,"Bryant University","NEC"
2020,"Bryant University","NEC"
2010,"Bucknell","Patriot"
2011,"Bucknell","Patriot"
2012,"Bucknell","Patriot"
2013,"Bucknell","Patriot"
2014,"Bucknell","Patriot"
2015,"Bucknell","Patriot"
2016,"Bucknell","Patriot"
2017,"Bucknell","Patriot"
2018,"Bucknell","Patriot"
2019,"Bucknell","Patriot"
2020,"Bucknell","Patriot"
2010,"Butler","Horiz"
2011,"Butler","Horiz"
2012,"Butler","Horiz"
2014,"Butler","BigEast"
2015,"Butler","BigEast"
2016,"Butler","BigEast"
2017,"Butler","BigEast"
2018,"Butler","BigEast"
2019,"Butler","BigEast"
2020,"Butler","BigEast"
2010,"Cal Poly","BigWest"
2011,"Cal Poly","BigWest"
2012,"Cal Poly","BigWest"
2013,"Cal Poly","BigWest"
2014,"Cal Poly","BigWest"
2015,"Cal Poly","BigWest"
2016,"Cal Poly","BigWest"
2017,"Cal Poly","BigWest"
2018,"Cal Poly","BigWest"
2019,"Cal Poly","BigWest"
2020,"Cal Poly","BigWest"
2010,"Cal State Bakersfield","IndyNCAA"
2011,"Cal State Bakersfield","IndyNCAA"
2012,"Cal State Bakersfield","IndyNCAA"
2013,"Cal State Bakersfield","WAC"
2014,"Cal State Bakersfield","WAC"
2015,"Cal State Bakersfield","WAC"
2016,"Cal State Bakersfield","WAC"
2017,"Cal State Bakersfield","WAC"
2018,"Cal State Bakersfield","WAC"
2019,"Cal State Bakersfield","WAC"
2020,"Cal State Bakersfield","WAC"
2010,"Cal State Fullerton","BigWest"
2011,"Cal State Fullerton","BigWest"
2012,"Cal State Fullerton","BigWest"
2013,"Cal State Fullerton","BigWest"
2014,"Cal State Fullerton","BigWest"
2015,"Cal State Fullerton","BigWest"
2016,"Cal State Fullerton","BigWest"
2017,"Cal State Fullerton","BigWest"
2018,"Cal State Fullerton","BigWest"
2019,"Cal State Fullerton","BigWest"
2020,"Cal State Fullerton","BigWest"
2010,"Cal State Northridge","BigWest"
2011,"Cal State Northridge","BigWest"
2012,"Cal State Northridge","BigWest"
2013,"Cal State Northridge","BigWest"
2014,"Cal State Northridge","BigWest"
2015,"Cal State Northridge","BigWest"
2016,"Cal State Northridge","BigWest"
2017,"Cal State Northridge","BigWest"
2018,"Cal State Northridge","BigWest"
2019,"Cal State Northridge","BigWest"
2020,"Cal State Northridge","BigWest"
2010,"California","Pac10"
2011,"California","Pac10"
2012,"California","Pac10"
2013,"California","Pac12"
2014,"California","Pac12"
2015,"California","Pac12"
2016,"California","Pac12"
2017,"California","Pac12"
2018,"California","Pac12"
2019,"California","Pac12"
2020,"California","Pac12"
2019,"California Baptist","WAC"
2020,"California Baptist","WAC"
2010,"Campbell","AtlSun"
2011,"Campbell","AtlSun"
2012,"Campbell","BigSou"
2013,"Campbell","BigSou"
2014,"Campbell","BigSou"
2015,"Campbell","BigSou"
2016,"Campbell","BigSou"
2017,"Campbell","BigSou"
2018,"Campbell","BigSou"
2019,"Campbell","BigSou"
2020,"Campbell","BigSou"
2010,"Canisius College","MAAC"
2011,"Canisius College","MAAC"
2012,"Canisius College","MAAC"
2013,"Canisius College","MAAC"
2014,"Canisius College","MAAC"
2015,"Canisius College","MAAC"
2016,"Canisius College","MAAC"
2017,"Canisius College","MAAC"
2018,"Canisius College","MAAC"
2019,"Canisius College","MAAC"
2020,"Canisius College","MAAC"
2010,"Centenary College","Summ"
2011,"Centenary College","Summ"
2010,"Central Arkansas","Sthland"
2011,"Central Arkansas","Sthland"
2012,"Central Arkansas","Sthland"
2013,"Central Arkansas","Sthland"
2014,"Central Arkansas","Sthland"
2015,"Central Arkansas","Sthland"
2016,"Central Arkansas","Sthland"
2017,"Central Arkansas","Sthland"
2018,"Central Arkansas","Sthland"
2019,"Central Arkansas","Sthland"
2020,"Central Arkansas","Sthland"
2010,"Central Ct State","NEC"
2011,"Central Ct State","NEC"
2012,"Central Ct State","NEC"
2013,"Central Ct State","NEC"
2014,"Central Ct State","NEC"
2015,"Central Ct State","NEC"
2016,"Central Ct State","NEC"
2017,"Central Ct State","NEC"
2018,"Central Ct State","NEC"
2019,"Central Ct State","NEC"
2020,"Central Ct State","NEC"
2010,"Central Florida","ConfUSA"
2011,"Central Florida","ConfUSA"
2012,"Central Florida","ConfUSA"
2013,"Central Florida","ConfUSA"
2014,"Central Florida","AAC"
2015,"Central Florida","AAC"
2016,"Central Florida","AAC"
2017,"Central Florida","AAC"
2018,"Central Florida","AAC"
2019,"Central Florida","AAC"
2020,"Central Florida","AAC"
2010,"Central Michigan","MAC"
2011,"Central Michigan","MAC"
2012,"Central Michigan","MAC"
2013,"Central Michigan","MAC"
2014,"Central Michigan","MAC"
2015,"Central Michigan","MAC"
2016,"Central Michigan","MAC"
2017,"Central Michigan","MAC"
2018,"Central Michigan","MAC"
2019,"Central Michigan","MAC"
2020,"Central Michigan","MAC"
2010,"Charleston Southern","BigSou"
2011,"Charleston Southern","BigSou"
2012,"Charleston Southern","BigSou"
2013,"Charleston Southern","BigSou"
2014,"Charleston Southern","BigSou"
2015,"Charleston Southern","BigSou"
2016,"Charleston Southern","BigSou"
2017,"Charleston Southern","BigSou"
2018,"Charleston Southern","BigSou"
2019,"Charleston Southern","BigSou"
2020,"Charleston Southern","BigSou"
2010,"Chicago State","GWC"
2011,"Chicago State","GWC"
2012,"Chicago State","GWC"
2013,"Chicago State","GWC"
2014,"Chicago State","WAC"
2015,"Chicago State","WAC"
2016,"Chicago State","WAC"
2017,"Chicago State","WAC"
2018,"Chicago State","WAC"
2019,"Chicago State","WAC"
2020,"Chicago State","WAC"
2018,"Chowan","IndyNCAA"
2010,"Cincinnati","BigEast"
2011,"Cincinnati","BigEast"
2012,"Cincinnati","BigEast"
2013,"Cincinnati","BigEast"
2014,"Cincinnati","AAC"
2015,"Cincinnati","AAC"
2016,"Cincinnati","AAC"
2017,"Cincinnati","AAC"
2018,"Cincinnati","AAC"
2019,"Cincinnati","AAC"
2020,"Cincinnati","AAC"
2010,"Clemson","ACC"
2011,"Clemson","ACC"
2012,"Clemson","ACC"
2013,"Clemson","ACC"
2014,"Clemson","ACC"
2015,"Clemson","ACC"
2016,"Clemson","ACC"
2017,"Clemson","ACC"
2018,"Clemson","ACC"
2019,"Clemson","ACC"
2020,"Clemson","ACC"
2010,"Cleveland State","Horiz"
2011,"Cleveland State","Horiz"
2010,"Coastal Carolina","BigSou"
2011,"Coastal Carolina","BigSou"
2012,"Coastal Carolina","BigSou"
2013,"Coastal Carolina","BigSou"
2014,"Coastal Carolina","BigSou"
2015,"Coastal Carolina","BigSou"
2016,"Coastal Carolina","BigSou"
2017,"Coastal Carolina","SBC"
2018,"Coastal Carolina","SBC"
2019,"Coastal Carolina","SBC"
2020,"Coastal Carolina","SBC"
2010,"College of Charleston","SoCon"
2011,"College of Charleston","SoCon"
2012,"College of Charleston","SoCon"
2013,"College of Charleston","SoCon"
2014,"College of Charleston","CAA"
2015,"College of Charleston","CAA"
2016,"College of Charleston","CAA"
2017,"College of Charleston","CAA"
2018,"College of Charleston","CAA"
2019,"College of Charleston","CAA"
2020,"College of Charleston","CAA"
2010,"Columbia","Ivy"
2011,"Columbia","Ivy"
2012,"Columbia","Ivy"
2013,"Columbia","Ivy"
2014,"Columbia","Ivy"
2015,"Columbia","Ivy"
2016,"Columbia","Ivy"
2017,"Columbia","Ivy"
2018,"Columbia","Ivy"
2019,"Columbia","Ivy"
2020,"Columbia","Ivy"
2010,"Connecticut","BigEast"
2011,"Connecticut","BigEast"
2012,"Connecticut","BigEast"
2013,"Connecticut","BigEast"
2014,"Connecticut","AAC"
2015,"Connecticut","AAC"
2016,"Connecticut","AAC"
2017,"Connecticut","AAC"
2018,"Connecticut","AAC"
2019,"Connecticut","AAC"
2020,"Connecticut","AAC"
2010,"Coppin State College","MEAC"
2011,"Coppin State College","MEAC"
2012,"Coppin State College","MEAC"
2013,"Coppin State College","MEAC"
2014,"Coppin State College","MEAC"
2015,"Coppin State College","MEAC"
2016,"Coppin State College","MEAC"
2017,"Coppin State College","MEAC"
2018,"Coppin State College","MEAC"
2019,"Coppin State College","MEAC"
2020,"Coppin State College","MEAC"
2010,"Cornell","Ivy"
2011,"Cornell","Ivy"
2012,"Cornell","Ivy"
2013,"Cornell","Ivy"
2014,"Cornell","Ivy"
2015,"Cornell","Ivy"
2016,"Cornell","Ivy"
2017,"Cornell","Ivy"
2018,"Cornell","Ivy"
2019,"Cornell","Ivy"
2020,"Cornell","Ivy"
2010,"Creighton","MVC"
2011,"Creighton","MVC"
2012,"Creighton","MVC"
2013,"Creighton","MVC"
2014,"Creighton","BigEast"
2015,"Creighton","BigEast"
2016,"Creighton","BigEast"
2017,"Creighton","BigEast"
2018,"Creighton","BigEast"
2019,"Creighton","BigEast"
2020,"Creighton","BigEast"
2010,"Dallas Baptist","IndyNCAA"
2011,"Dallas Baptist","IndyNCAA"
2012,"Dallas Baptist","IndyNCAA"
2013,"Dallas Baptist","WAC"
2014,"Dallas Baptist","MVC"
2015,"Dallas Baptist","MVC"
2016,"Dallas Baptist","MVC"
2017,"Dallas Baptist","MVC"
2018,"Dallas Baptist","MVC"
2019,"Dallas Baptist","MVC"
2020,"Dallas Baptist","MVC"
2010,"Dartmouth","Ivy"
2011,"Dartmouth","Ivy"
2012,"Dartmouth","Ivy"
2013,"Dartmouth","Ivy"
2014,"Dartmouth","Ivy"
2015,"Dartmouth","Ivy"
2016,"Dartmouth","Ivy"
2017,"Dartmouth","Ivy"
2018,"Dartmouth","Ivy"
2019,"Dartmouth","Ivy"
2020,"Dartmouth","Ivy"
2010,"Davidson College","SoCon"
2011,"Davidson College","SoCon"
2012,"Davidson College","SoCon"
2013,"Davidson College","SoCon"
2014,"Davidson College","SoCon"
2015,"Davidson College","Atl10"
2016,"Davidson College","Atl10"
2017,"Davidson College","Atl10"
2018,"Davidson College","Atl10"
2019,"Davidson College","Atl10"
2020,"Davidson College","Atl10"
2010,"Dayton","Atl10"
2011,"Dayton","Atl10"
2012,"Dayton","Atl10"
2013,"Dayton","Atl10"
2014,"Dayton","Atl10"
2015,"Dayton","Atl10"
2016,"Dayton","Atl10"
2017,"Dayton","Atl10"
2018,"Dayton","Atl10"
2019,"Dayton","Atl10"
2020,"Dayton","Atl10"
2010,"Delaware","CAA"
2011,"Delaware","CAA"
2012,"Delaware","CAA"
2013,"Delaware","CAA"
2014,"Delaware","CAA"
2015,"Delaware","CAA"
2016,"Delaware","CAA"
2017,"Delaware","CAA"
2018,"Delaware","CAA"
2019,"Delaware","CAA"
2020,"Delaware","CAA"
2010,"Delaware State","MEAC"
2011,"Delaware State","MEAC"
2012,"Delaware State","MEAC"
2013,"Delaware State","MEAC"
2014,"Delaware State","MEAC"
2015,"Delaware State","MEAC"
2016,"Delaware State","MEAC"
2017,"Delaware State","MEAC"
2018,"Delaware State","MEAC"
2019,"Delaware State","MEAC"
2020,"Delaware State","MEAC"
2010,"Duke","ACC"
2011,"Duke","ACC"
2012,"Duke","ACC"
2013,"Duke","ACC"
2014,"Duke","ACC"
2015,"Duke","ACC"
2016,"Duke","ACC"
2017,"Duke","ACC"
2018,"Duke","ACC"
2019,"Duke","ACC"
2020,"Duke","ACC"
2010,"Duquesne","Atl10"
2010,"East Carolina","ConfUSA"
2011,"East Carolina","ConfUSA"
2012,"East Carolina","ConfUSA"
2013,"East Carolina","ConfUSA"
2014,"East Carolina","ConfUSA"
2015,"East Carolina","AAC"
2016,"East Carolina","AAC"
2017,"East Carolina","AAC"
2018,"East Carolina","AAC"
2019,"East Carolina","AAC"
2020,"East Carolina","AAC"
2010,"East Tennessee State","AtlSun"
2011,"East Tennessee State","AtlSun"
2012,"East Tennessee State","AtlSun"
2013,"East Tennessee State","AtlSun"
2014,"East Tennessee State","AtlSun"
2015,"East Tennessee State","SoCon"
2016,"East Tennessee State","SoCon"
2017,"East Tennessee State","SoCon"
2018,"East Tennessee State","SoCon"
2019,"East Tennessee State","SoCon"
2020,"East Tennessee State","SoCon"
2010,"Eastern Illinois","OVC"
2011,"Eastern Illinois","OVC"
2012,"Eastern Illinois","OVC"
2013,"Eastern Illinois","OVC"
2014,"Eastern Illinois","OVC"
2015,"Eastern Illinois","OVC"
2016,"Eastern Illinois","OVC"
2017,"Eastern Illinois","OVC"
2018,"Eastern Illinois","OVC"
2019,"Eastern Illinois","OVC"
2020,"Eastern Illinois","OVC"
2010,"Eastern Kentucky","OVC"
2011,"Eastern Kentucky","OVC"
2012,"Eastern Kentucky","OVC"
2013,"Eastern Kentucky","OVC"
2014,"Eastern Kentucky","OVC"
2015,"Eastern Kentucky","OVC"
2016,"Eastern Kentucky","OVC"
2017,"Eastern Kentucky","OVC"
2018,"Eastern Kentucky","OVC"
2019,"Eastern Kentucky","OVC"
2020,"Eastern Kentucky","OVC"
2010,"Eastern Michigan","MAC"
2011,"Eastern Michigan","MAC"
2012,"Eastern Michigan","MAC"
2013,"Eastern Michigan","MAC"
2014,"Eastern Michigan","MAC"
2015,"Eastern Michigan","MAC"
2016,"Eastern Michigan","MAC"
2017,"Eastern Michigan","MAC"
2018,"Eastern Michigan","MAC"
2019,"Eastern Michigan","MAC"
2020,"Eastern Michigan","MAC"
2010,"Elon","SoCon"
2011,"Elon","SoCon"
2012,"Elon","SoCon"
2013,"Elon","SoCon"
2014,"Elon","SoCon"
2015,"Elon","CAA"
2016,"Elon","CAA"
2017,"Elon","CAA"
2018,"Elon","CAA"
2019,"Elon","CAA"
2020,"Elon","CAA"
2010,"Evansville","MVC"
2011,"Evansville","MVC"
2012,"Evansville","MVC"
2013,"Evansville","MVC"
2014,"Evansville","MVC"
2015,"Evansville","MVC"
2016,"Evansville","MVC"
2017,"Evansville","MVC"
2018,"Evansville","MVC"
2019,"Evansville","MVC"
2020,"Evansville","MVC"
2010,"Fairfield","MAAC"
2011,"Fairfield","MAAC"
2012,"Fairfield","MAAC"
2013,"Fairfield","MAAC"
2014,"Fairfield","MAAC"
2015,"Fairfield","MAAC"
2016,"Fairfield","MAAC"
2017,"Fairfield","MAAC"
2018,"Fairfield","MAAC"
2019,"Fairfield","MAAC"
2020,"Fairfield","MAAC"
2010,"Fairleigh Dickinson","NEC"
2011,"Fairleigh Dickinson","NEC"
2012,"Fairleigh Dickinson","NEC"
2013,"Fairleigh Dickinson","NEC"
2014,"Fairleigh Dickinson","NEC"
2015,"Fairleigh Dickinson","NEC"
2016,"Fairleigh Dickinson","NEC"
2017,"Fairleigh Dickinson","NEC"
2018,"Fairleigh Dickinson","NEC"
2019,"Fairleigh Dickinson","NEC"
2020,"Fairleigh Dickinson","NEC"
2010,"Florida","SEC"
2011,"Florida","SEC"
2012,"Florida","SEC"
2013,"Florida","SEC"
2014,"Florida","SEC"
2015,"Florida","SEC"
2016,"Florida","SEC"
2017,"Florida","SEC"
2018,"Florida","SEC"
2019,"Florida","SEC"
2020,"Florida","SEC"
2010,"Florida A&M","MEAC"
2011,"Florida A&M","MEAC"
2012,"Florida A&M","MEAC"
2013,"Florida A&M","MEAC"
2014,"Florida A&M","MEAC"
2015,"Florida A&M","MEAC"
2016,"Florida A&M","MEAC"
2017,"Florida A&M","MEAC"
2018,"Florida A&M","MEAC"
2019,"Florida A&M","MEAC"
2020,"Florida A&M","MEAC"
2010,"Florida Atlantic","SBC"
2011,"Florida Atlantic","SBC"
2012,"Florida Atlantic","SBC"
2013,"Florida Atlantic","SBC"
2014,"Florida Atlantic","ConfUSA"
2015,"Florida Atlantic","ConfUSA"
2016,"Florida Atlantic","ConfUSA"
2017,"Florida Atlantic","ConfUSA"
2018,"Florida Atlantic","ConfUSA"
2019,"Florida Atlantic","ConfUSA"
2020,"Florida Atlantic","ConfUSA"
2010,"Florida Gulf Coast","AtlSun"
2011,"Florida Gulf Coast","AtlSun"
2012,"Florida Gulf Coast","AtlSun"
2013,"Florida Gulf Coast","AtlSun"
2014,"Florida Gulf Coast","AtlSun"
2015,"Florida Gulf Coast","AtlSun"
2016,"Florida Gulf Coast","AtlSun"
2017,"Florida Gulf Coast","AtlSun"
2018,"Florida Gulf Coast","AtlSun"
2019,"Florida Gulf Coast","AtlSun"
2020,"Florida Gulf Coast","AtlSun"
2010,"Florida Intl","SBC"
2011,"Florida Intl","SBC"
2012,"Florida Intl","SBC"
2013,"Florida Intl","SBC"
2014,"Florida Intl","ConfUSA"
2015,"Florida Intl","ConfUSA"
2016,"Florida Intl","ConfUSA"
2017,"Florida Intl","ConfUSA"
2018,"Florida Intl","ConfUSA"
2019,"Florida Intl","ConfUSA"
2020,"Florida Intl","ConfUSA"
2010,"Florida State","ACC"
2011,"Florida State","ACC"
2012,"Florida State","ACC"
2013,"Florida State","ACC"
2014,"Florida State","ACC"
2015,"Florida State","ACC"
2016,"Florida State","ACC"
2017,"Florida State","ACC"
2018,"Florida State","ACC"
2019,"Florida State","ACC"
2020,"Florida State","ACC"
2010,"Fordham","Atl10"
2011,"Fordham","Atl10"
2012,"Fordham","Atl10"
2013,"Fordham","Atl10"
2014,"Fordham","Atl10"
2015,"Fordham","Atl10"
2016,"Fordham","Atl10"
2017,"Fordham","Atl10"
2018,"Fordham","Atl10"
2019,"Fordham","Atl10"
2020,"Fordham","Atl10"
2010,"Fresno State","WAC"
2011,"Fresno State","WAC"
2012,"Fresno State","WAC"
2013,"Fresno State","MWC"
2014,"Fresno State","MWC"
2015,"Fresno State","MWC"
2016,"Fresno State","MWC"
2017,"Fresno State","MWC"
2018,"Fresno State","MWC"
2019,"Fresno State","MWC"
2020,"Fresno State","MWC"
2010,"Furman","SoCon"
2011,"Furman","SoCon"
2012,"Furman","SoCon"
2013,"Furman","SoCon"
2014,"Furman","SoCon"
2015,"Furman","SoCon"
2016,"Furman","SoCon"
2017,"Furman","SoCon"
2018,"Furman","SoCon"
2019,"Furman","SoCon"
2020,"Furman","SoCon"
2010,"Gardner-Webb","BigSou"
2011,"Gardner-Webb","BigSou"
2012,"Gardner-Webb","BigSou"
2013,"Gardner-Webb","BigSou"
2014,"Gardner-Webb","BigSou"
2015,"Gardner-Webb","BigSou"
2016,"Gardner-Webb","BigSou"
2017,"Gardner-Webb","BigSou"
2018,"Gardner-Webb","BigSou"
2019,"Gardner-Webb","BigSou"
2020,"Gardner-Webb","BigSou"
2010,"George Mason","CAA"
2011,"George Mason","CAA"
2012,"George Mason","CAA"
2013,"George Mason","CAA"
2014,"George Mason","Atl10"
2015,"George Mason","Atl10"
2016,"George Mason","Atl10"
2017,"George Mason","Atl10"
2018,"George Mason","Atl10"
2019,"George Mason","Atl10"
2020,"George Mason","Atl10"
2010,"George Washington","Atl10"
2011,"George Washington","Atl10"
2012,"George Washington","Atl10"
2013,"George Washington","Atl10"
2014,"George Washington","Atl10"
2015,"George Washington","Atl10"
2016,"George Washington","Atl10"
2017,"George Washington","Atl10"
2018,"George Washington","Atl10"
2019,"George Washington","Atl10"
2020,"George Washington","Atl10"
2010,"Georgetown","BigEast"
2011,"Georgetown","BigEast"
2012,"Georgetown","BigEast"
2013,"Georgetown","BigEast"
2014,"Georgetown","BigEast"
2015,"Georgetown","BigEast"
2016,"Georgetown","BigEast"
2017,"Georgetown","BigEast"
2018,"Georgetown","BigEast"
2019,"Georgetown","BigEast"
2020,"Georgetown","BigEast"
2010,"Georgia","SEC"
2011,"Georgia","SEC"
2012,"Georgia","SEC"
2013,"Georgia","SEC"
2014,"Georgia","SEC"
2015,"Georgia","SEC"
2016,"Georgia","SEC"
2017,"Georgia","SEC"
2018,"Georgia","SEC"
2019,"Georgia","SEC"
2020,"Georgia","SEC"
2010,"Georgia Southern","SoCon"
2011,"Georgia Southern","SoCon"
2012,"Georgia Southern","SoCon"
2013,"Georgia Southern","SoCon"
2014,"Georgia Southern","SoCon"
2015,"Georgia Southern","SBC"
2016,"Georgia Southern","SBC"
2017,"Georgia Southern","SBC"
2018,"Georgia Southern","SBC"
2019,"Georgia Southern","SBC"
2020,"Georgia Southern","SBC"
2010,"Georgia State","CAA"
2011,"Georgia State","CAA"
2012,"Georgia State","CAA"
2013,"Georgia State","CAA"
2014,"Georgia State","SBC"
2015,"Georgia State","SBC"
2016,"Georgia State","SBC"
2017,"Georgia State","SBC"
2018,"Georgia State","SBC"
2019,"Georgia State","SBC"
2020,"Georgia State","SBC"
2010,"Georgia Tech","ACC"
2011,"Georgia Tech","ACC"
2012,"Georgia Tech","ACC"
2013,"Georgia Tech","ACC"
2014,"Georgia Tech","ACC"
2015,"Georgia Tech","ACC"
2016,"Georgia Tech","ACC"
2017,"Georgia Tech","ACC"
2018,"Georgia Tech","ACC"
2019,"Georgia Tech","ACC"
2020,"Georgia Tech","ACC"
2010,"Gonzaga","WCC"
2011,"Gonzaga","WCC"
2012,"Gonzaga","WCC"
2013,"Gonzaga","WCC"
2014,"Gonzaga","WCC"
2015,"Gonzaga","WCC"
2016,"Gonzaga","WCC"
2017,"Gonzaga","WCC"
2018,"Gonzaga","WCC"
2019,"Gonzaga","WCC"
2020,"Gonzaga","WCC"
2010,"Grambling State","SWAC"
2011,"Grambling State","SWAC"
2012,"Grambling State","SWAC"
2013,"Grambling State","SWAC"
2014,"Grambling State","SWAC"
2015,"Grambling State","SWAC"
2016,"Grambling State","SWAC"
2017,"Grambling State","SWAC"
2018,"Grambling State","SWAC"
2019,"Grambling State","SWAC"
2020,"Grambling State","SWAC"
2014,"Grand Canyon","WAC"
2015,"Grand Canyon","WAC"
2016,"Grand Canyon","WAC"
2017,"Grand Canyon","WAC"
2018,"Grand Canyon","WAC"
2019,"Grand Canyon","WAC"
2020,"Grand Canyon","WAC"
2010,"Hartford","AmEast"
2011,"Hartford","AmEast"
2012,"Hartford","AmEast"
2013,"Hartford","AmEast"
2014,"Hartford","AmEast"
2015,"Hartford","AmEast"
2016,"Hartford","AmEast"
2017,"Hartford","AmEast"
2018,"Hartford","AmEast"
2019,"Hartford","AmEast"
2020,"Hartford","AmEast"
2010,"Harvard","Ivy"
2011,"Harvard","Ivy"
2012,"Harvard","Ivy"
2013,"Harvard","Ivy"
2014,"Harvard","Ivy"
2015,"Harvard","Ivy"
2016,"Harvard","Ivy"
2017,"Harvard","Ivy"
2018,"Harvard","Ivy"
2019,"Harvard","Ivy"
2020,"Harvard","Ivy"
2010,"Hawaii","WAC"
2011,"Hawaii","WAC"
2012,"Hawaii","WAC"
2013,"Hawaii","BigWest"
2014,"Hawaii","BigWest"
2015,"Hawaii","BigWest"
2016,"Hawaii","BigWest"
2017,"Hawaii","BigWest"
2018,"Hawaii","BigWest"
2019,"Hawaii","BigWest"
2020,"Hawaii","BigWest"
2010,"High Point","BigSou"
2011,"High Point","BigSou"
2012,"High Point","BigSou"
2013,"High Point","BigSou"
2014,"High Point","BigSou"
2015,"High Point","BigSou"
2016,"High Point","BigSou"
2017,"High Point","BigSou"
2018,"High Point","BigSou"
2019,"High Point","BigSou"
2020,"High Point","BigSou"
2010,"Hofstra","CAA"
2011,"Hofstra","CAA"
2012,"Hofstra","CAA"
2013,"Hofstra","CAA"
2014,"Hofstra","CAA"
2015,"Hofstra","CAA"
2016,"Hofstra","CAA"
2017,"Hofstra","CAA"
2018,"Hofstra","CAA"
2019,"Hofstra","CAA"
2020,"Hofstra","CAA"
2010,"Holy Cross","Patriot"
2011,"Holy Cross","Patriot"
2012,"Holy Cross","Patriot"
2013,"Holy Cross","Patriot"
2014,"Holy Cross","Patriot"
2015,"Holy Cross","Patriot"
2016,"Holy Cross","Patriot"
2017,"Holy Cross","Patriot"
2018,"Holy Cross","Patriot"
2019,"Holy Cross","Patriot"
2020,"Holy Cross","Patriot"
2010,"Houston","ConfUSA"
2011,"Houston","ConfUSA"
2012,"Houston","ConfUSA"
2013,"Houston","ConfUSA"
2014,"Houston","AAC"
2015,"Houston","AAC"
2016,"Houston","AAC"
2017,"Houston","AAC"
2018,"Houston","AAC"
2019,"Houston","AAC"
2020,"Houston","AAC"
2010,"Houston Baptist","GWC"
2011,"Houston Baptist","GWC"
2012,"Houston Baptist","GWC"
2013,"Houston Baptist","GWC"
2014,"Houston Baptist","Sthland"
2015,"Houston Baptist","Sthland"
2016,"Houston Baptist","Sthland"
2017,"Houston Baptist","Sthland"
2018,"Houston Baptist","Sthland"
2019,"Houston Baptist","Sthland"
2020,"Houston Baptist","Sthland"
2010,"Illinois","Big10"
2011,"Illinois","Big10"
2012,"Illinois","Big10"
2013,"Illinois","Big10"
2014,"Illinois","Big10"
2015,"Illinois","Big10"
2016,"Illinois","Big10"
2017,"Illinois","Big10"
2018,"Illinois","Big10"
2019,"Illinois","Big10"
2020,"Illinois","Big10"
2010,"Illinois-Chicago","Horiz"
2011,"Illinois-Chicago","Horiz"
2012,"Illinois-Chicago","Horiz"
2013,"Illinois-Chicago","Horiz"
2014,"Illinois-Chicago","Horiz"
2015,"Illinois-Chicago","Horiz"
2016,"Illinois-Chicago","Horiz"
2017,"Illinois-Chicago","Horiz"
2018,"Illinois-Chicago","Horiz"
2019,"Illinois-Chicago","Horiz"
2020,"Illinois-Chicago","Horiz"
2010,"Illinois State","MVC"
2011,"Illinois State","MVC"
2012,"Illinois State","MVC"
2013,"Illinois State","MVC"
2014,"Illinois State","MVC"
2015,"Illinois State","MVC"
2016,"Illinois State","MVC"
2017,"Illinois State","MVC"
2018,"Illinois State","MVC"
2019,"Illinois State","MVC"
2020,"Illinois State","MVC"
2014,"Incarnate Word","Sthland"
2015,"Incarnate Word","Sthland"
2016,"Incarnate Word","Sthland"
2017,"Incarnate Word","Sthland"
2018,"Incarnate Word","Sthland"
2019,"Incarnate Word","Sthland"
2020,"Incarnate Word","Sthland"
2010,"Indiana","Big10"
2011,"Indiana","Big10"
2012,"Indiana","Big10"
2013,"Indiana","Big10"
2014,"Indiana","Big10"
2015,"Indiana","Big10"
2016,"Indiana","Big10"
2017,"Indiana","Big10"
2018,"Indiana","Big10"
2019,"Indiana","Big10"
2020,"Indiana","Big10"
2010,"Indiana State","MVC"
2011,"Indiana State","MVC"
2012,"Indiana State","MVC"
2013,"Indiana State","MVC"
2014,"Indiana State","MVC"
2015,"Indiana State","MVC"
2016,"Indiana State","MVC"
2017,"Indiana State","MVC"
2018,"Indiana State","MVC"
2019,"Indiana State","MVC"
2020,"Indiana State","MVC"
2010,"Indiana U.-Purdue U.-FW","Summ"
2011,"Indiana U.-Purdue U.-FW","Summ"
2012,"Indiana U.-Purdue U.-FW","Summ"
2013,"Indiana U.-Purdue U.-FW","Summ"
2014,"Indiana U.-Purdue U.-FW","Summ"
2015,"Indiana U.-Purdue U.-FW","Summ"
2016,"Indiana U.-Purdue U.-FW","Summ"
2017,"Indiana U.-Purdue U.-FW","Summ"
2018,"Indiana U.-Purdue U.-FW","Summ"
2019,"Indiana U.-Purdue U.-FW","Summ"
2020,"Indiana U.-Purdue U.-FW","Summ"
2010,"Iona College","MAAC"
2011,"Iona College","MAAC"
2012,"Iona College","MAAC"
2013,"Iona College","MAAC"
2014,"Iona College","MAAC"
2015,"Iona College","MAAC"
2016,"Iona College","MAAC"
2017,"Iona College","MAAC"
2018,"Iona College","MAAC"
2019,"Iona College","MAAC"
2020,"Iona College","MAAC"
2010,"Iowa","Big10"
2011,"Iowa","Big10"
2012,"Iowa","Big10"
2013,"Iowa","Big10"
2014,"Iowa","Big10"
2015,"Iowa","Big10"
2016,"Iowa","Big10"
2017,"Iowa","Big10"
2018,"Iowa","Big10"
2019,"Iowa","Big10"
2020,"Iowa","Big10"
2010,"Jackson State","SWAC"
2011,"Jackson State","SWAC"
2012,"Jackson State","SWAC"
2013,"Jackson State","SWAC"
2014,"Jackson State","SWAC"
2015,"Jackson State","SWAC"
2016,"Jackson State","SWAC"
2017,"Jackson State","SWAC"
2018,"Jackson State","SWAC"
2019,"Jackson State","SWAC"
2020,"Jackson State","SWAC"
2010,"Jacksonville","AtlSun"
2011,"Jacksonville","AtlSun"
2012,"Jacksonville","AtlSun"
2013,"Jacksonville","AtlSun"
2014,"Jacksonville","AtlSun"
2015,"Jacksonville","AtlSun"
2016,"Jacksonville","AtlSun"
2017,"Jacksonville","AtlSun"
2018,"Jacksonville","AtlSun"
2019,"Jacksonville","AtlSun"
2020,"Jacksonville","AtlSun"
2010,"Jacksonville State","OVC"
2011,"Jacksonville State","OVC"
2012,"Jacksonville State","OVC"
2013,"Jacksonville State","OVC"
2014,"Jacksonville State","OVC"
2015,"Jacksonville State","OVC"
2016,"Jacksonville State","OVC"
2017,"Jacksonville State","OVC"
2018,"Jacksonville State","OVC"
2019,"Jacksonville State","OVC"
2020,"Jacksonville State","OVC"
2010,"James Madison","CAA"
2011,"James Madison","CAA"
2012,"James Madison","CAA"
2013,"James Madison","CAA"
2014,"James Madison","CAA"
2015,"James Madison","CAA"
2016,"James Madison","CAA"
2017,"James Madison","CAA"
2018,"James Madison","CAA"
2019,"James Madison","CAA"
2020,"James Madison","CAA"
2010,"Kansas","Big12"
2011,"Kansas","Big12"
2012,"Kansas","Big12"
2013,"Kansas","Big12"
2014,"Kansas","Big12"
2015,"Kansas","Big12"
2016,"Kansas","Big12"
2017,"Kansas","Big12"
2018,"Kansas","Big12"
2019,"Kansas","Big12"
2020,"Kansas","Big12"
2010,"Kansas State","Big12"
2011,"Kansas State","Big12"
2012,"Kansas State","Big12"
2013,"Kansas State","Big12"
2014,"Kansas State","Big12"
2015,"Kansas State","Big12"
2016,"Kansas State","Big12"
2017,"Kansas State","Big12"
2018,"Kansas State","Big12"
2019,"Kansas State","Big12"
2020,"Kansas State","Big12"
2010,"Kennesaw State","AtlSun"
2011,"Kennesaw State","AtlSun"
2012,"Kennesaw State","AtlSun"
2013,"Kennesaw State","AtlSun"
2014,"Kennesaw State","AtlSun"
2015,"Kennesaw State","AtlSun"
2016,"Kennesaw State","AtlSun"
2017,"Kennesaw State","AtlSun"
2018,"Kennesaw State","AtlSun"
2019,"Kennesaw State","AtlSun"
2020,"Kennesaw State","AtlSun"
2010,"Kent State","MAC"
2011,"Kent State","MAC"
2012,"Kent State","MAC"
2013,"Kent State","MAC"
2014,"Kent State","MAC"
2015,"Kent State","MAC"
2016,"Kent State","MAC"
2017,"Kent State","MAC"
2018,"Kent State","MAC"
2019,"Kent State","MAC"
2020,"Kent State","MAC"
2010,"Kentucky","SEC"
2011,"Kentucky","SEC"
2012,"Kentucky","SEC"
2013,"Kentucky","SEC"
2014,"Kentucky","SEC"
2015,"Kentucky","SEC"
2016,"Kentucky","SEC"
2017,"Kentucky","SEC"
2018,"Kentucky","SEC"
2019,"Kentucky","SEC"
2020,"Kentucky","SEC"
2010,"La Salle","Atl10"
2011,"La Salle","Atl10"
2012,"La Salle","Atl10"
2013,"La Salle","Atl10"
2014,"La Salle","Atl10"
2015,"La Salle","Atl10"
2016,"La Salle","Atl10"
2017,"La Salle","Atl10"
2018,"La Salle","Atl10"
2019,"La Salle","Atl10"
2020,"La Salle","Atl10"
2010,"Lafayette College","Patriot"
2011,"Lafayette College","Patriot"
2012,"Lafayette College","Patriot"
2013,"Lafayette College","Patriot"
2014,"Lafayette College","Patriot"
2015,"Lafayette College","Patriot"
2016,"Lafayette College","Patriot"
2017,"Lafayette College","Patriot"
2018,"Lafayette College","Patriot"
2019,"Lafayette College","Patriot"
2020,"Lafayette College","Patriot"
2010,"Lamar","Sthland"
2011,"Lamar","Sthland"
2012,"Lamar","Sthland"
2013,"Lamar","Sthland"
2014,"Lamar","Sthland"
2015,"Lamar","Sthland"
2016,"Lamar","Sthland"
2017,"Lamar","Sthland"
2018,"Lamar","Sthland"
2019,"Lamar","Sthland"
2020,"Lamar","Sthland"
2010,"Le Moyne","IndyNCAA"
2011,"Le Moyne","IndyNCAA"
2010,"Lehigh","Patriot"
2011,"Lehigh","Patriot"
2012,"Lehigh","Patriot"
2013,"Lehigh","Patriot"
2014,"Lehigh","Patriot"
2015,"Lehigh","Patriot"
2016,"Lehigh","Patriot"
2017,"Lehigh","Patriot"
2018,"Lehigh","Patriot"
2019,"Lehigh","Patriot"
2020,"Lehigh","Patriot"
2010,"Liberty","BigSou"
2011,"Liberty","BigSou"
2012,"Liberty","BigSou"
2013,"Liberty","BigSou"
2014,"Liberty","BigSou"
2015,"Liberty","BigSou"
2016,"Liberty","BigSou"
2017,"Liberty","BigSou"
2018,"Liberty","BigSou"
2019,"Liberty","AtlSun"
2020,"Liberty","AtlSun"
2010,"Lipscomb","AtlSun"
2011,"Lipscomb","AtlSun"
2012,"Lipscomb","AtlSun"
2013,"Lipscomb","AtlSun"
2014,"Lipscomb","AtlSun"
2015,"Lipscomb","AtlSun"
2016,"Lipscomb","AtlSun"
2017,"Lipscomb","AtlSun"
2018,"Lipscomb","AtlSun"
2019,"Lipscomb","AtlSun"
2020,"Lipscomb","AtlSun"
2010,"Long Beach State","BigWest"
2011,"Long Beach State","BigWest"
2012,"Long Beach State","BigWest"
2013,"Long Beach State","BigWest"
2014,"Long Beach State","BigWest"
2015,"Long Beach State","BigWest"
2016,"Long Beach State","BigWest"
2017,"Long Beach State","BigWest"
2018,"Long Beach State","BigWest"
2019,"Long Beach State","BigWest"
2020,"Long Beach State","BigWest"
2010,"Long Island-Brooklyn","NEC"
2011,"Long Island-Brooklyn","NEC"
2012,"Long Island-Brooklyn","NEC"
2013,"Long Island-Brooklyn","NEC"
2014,"Long Island-Brooklyn","NEC"
2015,"Long Island-Brooklyn","NEC"
2016,"Long Island-Brooklyn","NEC"
2017,"Long Island-Brooklyn","NEC"
2018,"Long Island-Brooklyn","NEC"
2019,"Long Island-Brooklyn","NEC"
2020,"Long Island-Brooklyn","NEC"
2010,"Longwood","IndyNCAA"
2011,"Longwood","IndyNCAA"
2012,"Longwood","IndyNCAA"
2013,"Longwood","BigSou"
2014,"Longwood","BigSou"
2015,"Longwood","BigSou"
2016,"Longwood","BigSou"
2017,"Longwood","BigSou"
2018,"Longwood","BigSou"
2019,"Longwood","BigSou"
2020,"Longwood","BigSou"
2010,"Louisiana-Lafayette","SBC"
2011,"Louisiana-Lafayette","SBC"
2012,"Louisiana-Lafayette","SBC"
2013,"Louisiana-Lafayette","SBC"
2014,"Louisiana-Lafayette","SBC"
2015,"Louisiana-Lafayette","SBC"
2016,"Louisiana-Lafayette","SBC"
2017,"Louisiana-Lafayette","SBC"
2018,"Louisiana-Lafayette","SBC"
2019,"Louisiana-Lafayette","SBC"
2020,"Louisiana-Lafayette","SBC"
2010,"Louisiana-Monroe","SBC"
2011,"Louisiana-Monroe","SBC"
2012,"Louisiana-Monroe","SBC"
2013,"Louisiana-Monroe","SBC"
2014,"Louisiana-Monroe","SBC"
2015,"Louisiana-Monroe","SBC"
2016,"Louisiana-Monroe","SBC"
2017,"Louisiana-Monroe","SBC"
2018,"Louisiana-Monroe","SBC"
2019,"Louisiana-Monroe","SBC"
2020,"Louisiana-Monroe","SBC"
2010,"Louisiana Tech","WAC"
2011,"Louisiana Tech","WAC"
2012,"Louisiana Tech","WAC"
2013,"Louisiana Tech","WAC"
2014,"Louisiana Tech","ConfUSA"
2015,"Louisiana Tech","ConfUSA"
2016,"Louisiana Tech","ConfUSA"
2017,"Louisiana Tech","ConfUSA"
2018,"Louisiana Tech","ConfUSA"
2019,"Louisiana Tech","ConfUSA"
2020,"Louisiana Tech","ConfUSA"
2010,"Louisville","BigEast"
2011,"Louisville","BigEast"
2012,"Louisville","BigEast"
2013,"Louisville","BigEast"
2014,"Louisville","AAC"
2015,"Louisville","ACC"
2016,"Louisville","ACC"
2017,"Louisville","ACC"
2018,"Louisville","ACC"
2019,"Louisville","ACC"
2020,"Louisville","ACC"
2010,"Loyola Marymount","WCC"
2011,"Loyola Marymount","WCC"
2012,"Loyola Marymount","WCC"
2013,"Loyola Marymount","WCC"
2014,"Loyola Marymount","WCC"
2015,"Loyola Marymount","WCC"
2016,"Loyola Marymount","WCC"
2017,"Loyola Marymount","WCC"
2018,"Loyola Marymount","WCC"
2019,"Loyola Marymount","WCC"
2020,"Loyola Marymount","WCC"
2010,"LSU","SEC"
2011,"LSU","SEC"
2012,"LSU","SEC"
2013,"LSU","SEC"
2014,"LSU","SEC"
2015,"LSU","SEC"
2016,"LSU","SEC"
2017,"LSU","SEC"
2018,"LSU","SEC"
2019,"LSU","SEC"
2020,"LSU","SEC"
2010,"Maine","AmEast"
2011,"Maine","AmEast"
2012,"Maine","AmEast"
2013,"Maine","AmEast"
2014,"Maine","AmEast"
2015,"Maine","AmEast"
2016,"Maine","AmEast"
2017,"Maine","AmEast"
2018,"Maine","AmEast"
2019,"Maine","AmEast"
2020,"Maine","AmEast"
2010,"Manhattan College","MAAC"
2011,"Manhattan College","MAAC"
2012,"Manhattan College","MAAC"
2013,"Manhattan College","MAAC"
2014,"Manhattan College","MAAC"
2015,"Manhattan College","MAAC"
2016,"Manhattan College","MAAC"
2017,"Manhattan College","MAAC"
2018,"Manhattan College","MAAC"
2019,"Manhattan College","MAAC"
2020,"Manhattan College","MAAC"
2010,"Marist","MAAC"
2011,"Marist","MAAC"
2012,"Marist","MAAC"
2013,"Marist","MAAC"
2014,"Marist","MAAC"
2015,"Marist","MAAC"
2016,"Marist","MAAC"
2017,"Marist","MAAC"
2018,"Marist","MAAC"
2019,"Marist","MAAC"
2020,"Marist","MAAC"
2010,"Marshall","ConfUSA"
2011,"Marshall","ConfUSA"
2012,"Marshall","ConfUSA"
2013,"Marshall","ConfUSA"
2014,"Marshall","ConfUSA"
2015,"Marshall","ConfUSA"
2016,"Marshall","ConfUSA"
2017,"Marshall","ConfUSA"
2018,"Marshall","ConfUSA"
2019,"Marshall","ConfUSA"
2020,"Marshall","ConfUSA"
2010,"Maryland","ACC"
2011,"Maryland","ACC"
2012,"Maryland","ACC"
2013,"Maryland","ACC"
2014,"Maryland","ACC"
2015,"Maryland","Big10"
2016,"Maryland","Big10"
2017,"Maryland","Big10"
2018,"Maryland","Big10"
2019,"Maryland","Big10"
2020,"Maryland","Big10"
2010,"Maryland-Eastern Shore","MEAC"
2011,"Maryland-Eastern Shore","MEAC"
2012,"Maryland-Eastern Shore","MEAC"
2013,"Maryland-Eastern Shore","MEAC"
2014,"Maryland-Eastern Shore","MEAC"
2015,"Maryland-Eastern Shore","MEAC"
2016,"Maryland-Eastern Shore","MEAC"
2017,"Maryland-Eastern Shore","MEAC"
2018,"Maryland-Eastern Shore","MEAC"
2019,"Maryland-Eastern Shore","MEAC"
2020,"Maryland-Eastern Shore","MEAC"
2010,"Massachusetts","Atl10"
2011,"Massachusetts","Atl10"
2012,"Massachusetts","Atl10"
2013,"Massachusetts","Atl10"
2014,"Massachusetts","Atl10"
2015,"Massachusetts","Atl10"
2016,"Massachusetts","Atl10"
2017,"Massachusetts","Atl10"
2018,"Massachusetts","Atl10"
2019,"Massachusetts","Atl10"
2020,"Massachusetts","Atl10"
2014,"Massachusetts-Lowell","AmEast"
2015,"Massachusetts-Lowell","AmEast"
2016,"Massachusetts-Lowell","AmEast"
2017,"Massachusetts-Lowell","AmEast"
2018,"Massachusetts-Lowell","AmEast"
2019,"Massachusetts-Lowell","AmEast"
2020,"Massachusetts-Lowell","AmEast"
2010,"McNeese State","Sthland"
2011,"McNeese State","Sthland"
2012,"McNeese State","Sthland"
2013,"McNeese State","Sthland"
2014,"McNeese State","Sthland"
2015,"McNeese State","Sthland"
2016,"McNeese State","Sthland"
2017,"McNeese State","Sthland"
2018,"McNeese State","Sthland"
2019,"McNeese State","Sthland"
2020,"McNeese State","Sthland"
2010,"Memphis","ConfUSA"
2011,"Memphis","ConfUSA"
2012,"Memphis","ConfUSA"
2013,"Memphis","ConfUSA"
2014,"Memphis","AAC"
2015,"Memphis","AAC"
2016,"Memphis","AAC"
2017,"Memphis","AAC"
2018,"Memphis","AAC"
2019,"Memphis","AAC"
2020,"Memphis","AAC"
2010,"Mercer","AtlSun"
2011,"Mercer","AtlSun"
2012,"Mercer","AtlSun"
2013,"Mercer","AtlSun"
2014,"Mercer","AtlSun"
2015,"Mercer","SoCon"
2016,"Mercer","SoCon"
2017,"Mercer","SoCon"
2018,"Mercer","SoCon"
2019,"Mercer","SoCon"
2020,"Mercer","SoCon"
2020,"Merrimack College","NEC"
2010,"Miami","ACC"
2010,"Miami","MAC"
2011,"Miami","ACC"
2011,"Miami","MAC"
2012,"Miami","ACC"
2012,"Miami","MAC"
2013,"Miami","ACC"
2013,"Miami","MAC"
2014,"Miami","ACC"
2014,"Miami","MAC"
2015,"Miami","ACC"
2015,"Miami","MAC"
2016,"Miami","ACC"
2016,"Miami","MAC"
2017,"Miami","ACC"
2017,"Miami","MAC"
2018,"Miami","ACC"
2018,"Miami","MAC"
2019,"Miami","ACC"
2019,"Miami","MAC"
2020,"Miami","ACC"
2020,"Miami","MAC"
2010,"Michigan","Big10"
2011,"Michigan","Big10"
2012,"Michigan","Big10"
2013,"Michigan","Big10"
2014,"Michigan","Big10"
2015,"Michigan","Big10"
2016,"Michigan","Big10"
2017,"Michigan","Big10"
2018,"Michigan","Big10"
2019,"Michigan","Big10"
2020,"Michigan","Big10"
2010,"Michigan State","Big10"
2011,"Michigan State","Big10"
2012,"Michigan State","Big10"
2013,"Michigan State","Big10"
2014,"Michigan State","Big10"
2015,"Michigan State","Big10"
2016,"Michigan State","Big10"
2017,"Michigan State","Big10"
2018,"Michigan State","Big10"
2019,"Michigan State","Big10"
2020,"Michigan State","Big10"
2010,"Middle Tenn State","SBC"
2011,"Middle Tenn State","SBC"
2012,"Middle Tenn State","SBC"
2013,"Middle Tenn State","SBC"
2014,"Middle Tenn State","ConfUSA"
2015,"Middle Tenn State","ConfUSA"
2016,"Middle Tenn State","ConfUSA"
2017,"Middle Tenn State","ConfUSA"
2018,"Middle Tenn State","ConfUSA"
2019,"Middle Tenn State","ConfUSA"
2020,"Middle Tenn State","ConfUSA"
2010,"Minnesota","Big10"
2011,"Minnesota","Big10"
2012,"Minnesota","Big10"
2013,"Minnesota","Big10"
2014,"Minnesota","Big10"
2015,"Minnesota","Big10"
2016,"Minnesota","Big10"
2017,"Minnesota","Big10"
2018,"Minnesota","Big10"
2019,"Minnesota","Big10"
2020,"Minnesota","Big10"
2010,"Miss. Valley St","SWAC"
2011,"Miss. Valley St","SWAC"
2012,"Miss. Valley St","SWAC"
2013,"Miss. Valley St","SWAC"
2014,"Miss. Valley St","SWAC"
2015,"Miss. Valley St","SWAC"
2016,"Miss. Valley St","SWAC"
2017,"Miss. Valley St","SWAC"
2018,"Miss. Valley St","SWAC"
2019,"Miss. Valley St","SWAC"
2020,"Miss. Valley St","SWAC"
2010,"Mississippi","SEC"
2011,"Mississippi","SEC"
2012,"Mississippi","SEC"
2013,"Mississippi","SEC"
2014,"Mississippi","SEC"
2015,"Mississippi","SEC"
2016,"Mississippi","SEC"
2017,"Mississippi","SEC"
2018,"Mississippi","SEC"
2019,"Mississippi","SEC"
2020,"Mississippi","SEC"
2010,"Mississippi State","SEC"
2011,"Mississippi State","SEC"
2012,"Mississippi State","SEC"
2013,"Mississippi State","SEC"
2014,"Mississippi State","SEC"
2015,"Mississippi State","SEC"
2016,"Mississippi State","SEC"
2017,"Mississippi State","SEC"
2018,"Mississippi State","SEC"
2019,"Mississippi State","SEC"
2020,"Mississippi State","SEC"
2010,"Missouri","Big12"
2011,"Missouri","Big12"
2012,"Missouri","Big12"
2013,"Missouri","SEC"
2014,"Missouri","SEC"
2015,"Missouri","SEC"
2016,"Missouri","SEC"
2017,"Missouri","SEC"
2018,"Missouri","SEC"
2019,"Missouri","SEC"
2020,"Missouri","SEC"
2010,"Missouri State","MVC"
2011,"Missouri State","MVC"
2012,"Missouri State","MVC"
2013,"Missouri State","MVC"
2014,"Missouri State","MVC"
2015,"Missouri State","MVC"
2016,"Missouri State","MVC"
2017,"Missouri State","MVC"
2018,"Missouri State","MVC"
2019,"Missouri State","MVC"
2020,"Missouri State","MVC"
2010,"Monmouth","NEC"
2011,"Monmouth","NEC"
2012,"Monmouth","NEC"
2013,"Monmouth","NEC"
2014,"Monmouth","MAAC"
2015,"Monmouth","MAAC"
2016,"Monmouth","MAAC"
2017,"Monmouth","MAAC"
2018,"Monmouth","MAAC"
2019,"Monmouth","MAAC"
2020,"Monmouth","MAAC"
2010,"Morehead State","OVC"
2011,"Morehead State","OVC"
2012,"Morehead State","OVC"
2013,"Morehead State","OVC"
2014,"Morehead State","OVC"
2015,"Morehead State","OVC"
2016,"Morehead State","OVC"
2017,"Morehead State","OVC"
2018,"Morehead State","OVC"
2019,"Morehead State","OVC"
2020,"Morehead State","OVC"
2010,"Mount Saint Mary","NEC"
2011,"Mount Saint Mary","NEC"
2012,"Mount Saint Mary","NEC"
2013,"Mount Saint Mary","NEC"
2014,"Mount Saint Mary","NEC"
2015,"Mount Saint Mary","NEC"
2016,"Mount Saint Mary","NEC"
2017,"Mount Saint Mary","NEC"
2018,"Mount Saint Mary","NEC"
2019,"Mount Saint Mary","NEC"
2020,"Mount Saint Mary","NEC"
2010,"Murray State","OVC"
2011,"Murray State","OVC"
2012,"Murray State","OVC"
2013,"Murray State","OVC"
2014,"Murray State","OVC"
2015,"Murray State","OVC"
2016,"Murray State","OVC"
2017,"Murray State","OVC"
2018,"Murray State","OVC"
2019,"Murray State","OVC"
2020,"Murray State","OVC"
2010,"Navy","Patriot"
2011,"Navy","Patriot"
2012,"Navy","Patriot"
2013,"Navy","Patriot"
2014,"Navy","Patriot"
2015,"Navy","Patriot"
2016,"Navy","Patriot"
2017,"Navy","Patriot"
2018,"Navy","Patriot"
2019,"Navy","Patriot"
2020,"Navy","Patriot"
2010,"NC A&T State","MEAC"
2011,"NC A&T State","MEAC"
2012,"NC A&T State","MEAC"
2013,"NC A&T State","MEAC"
2014,"NC A&T State","MEAC"
2015,"NC A&T State","MEAC"
2016,"NC A&T State","MEAC"
2017,"NC A&T State","MEAC"
2018,"NC A&T State","MEAC"
2019,"NC A&T State","MEAC"
2020,"NC A&T State","MEAC"
2010,"NC State","ACC"
2011,"NC State","ACC"
2012,"NC State","ACC"
2013,"NC State","ACC"
2014,"NC State","ACC"
2015,"NC State","ACC"
2016,"NC State","ACC"
2017,"NC State","ACC"
2018,"NC State","ACC"
2019,"NC State","ACC"
2020,"NC State","ACC"
2010,"Nebraska","Big12"
2011,"Nebraska","Big12"
2012,"Nebraska","Big10"
2013,"Nebraska","Big10"
2014,"Nebraska","Big10"
2015,"Nebraska","Big10"
2016,"Nebraska","Big10"
2017,"Nebraska","Big10"
2018,"Nebraska","Big10"
2019,"Nebraska","Big10"
2020,"Nebraska","Big10"
2012,"Nebraska at Omaha","IndyNCAA"
2013,"Nebraska at Omaha","Summ"
2014,"Nebraska at Omaha","Summ"
2015,"Nebraska at Omaha","Summ"
2016,"Nebraska at Omaha","Summ"
2017,"Nebraska at Omaha","Summ"
2018,"Nebraska at Omaha","Summ"
2019,"Nebraska at Omaha","Summ"
2020,"Nebraska at Omaha","Summ"
2010,"Nevada","WAC"
2011,"Nevada","WAC"
2012,"Nevada","WAC"
2013,"Nevada","MWC"
2014,"Nevada","MWC"
2015,"Nevada","MWC"
2016,"Nevada","MWC"
2017,"Nevada","MWC"
2018,"Nevada","MWC"
2019,"Nevada","MWC"
2020,"Nevada","MWC"
2010,"New Jersey Tech","GWC"
2011,"New Jersey Tech","GWC"
2012,"New Jersey Tech","GWC"
2013,"New Jersey Tech","GWC"
2014,"New Jersey Tech","IndyNCAA"
2015,"New Jersey Tech","IndyNCAA"
2016,"New Jersey Tech","AtlSun"
2017,"New Jersey Tech","AtlSun"
2018,"New Jersey Tech","AtlSun"
2019,"New Jersey Tech","AtlSun"
2020,"New Jersey Tech","AtlSun"
2010,"New Mexico","MWC"
2011,"New Mexico","MWC"
2012,"New Mexico","MWC"
2013,"New Mexico","MWC"
2014,"New Mexico","MWC"
2015,"New Mexico","MWC"
2016,"New Mexico","MWC"
2017,"New Mexico","MWC"
2018,"New Mexico","MWC"
2019,"New Mexico","MWC"
2020,"New Mexico","MWC"
2010,"New Mexico State","WAC"
2011,"New Mexico State","WAC"
2012,"New Mexico State","WAC"
2013,"New Mexico State","WAC"
2014,"New Mexico State","WAC"
2015,"New Mexico State","WAC"
2016,"New Mexico State","WAC"
2017,"New Mexico State","WAC"
2018,"New Mexico State","WAC"
2019,"New Mexico State","WAC"
2020,"New Mexico State","WAC"
2010,"New Orleans","SBC"
2011,"New Orleans","IndyNCAA"
2014,"New Orleans","Sthland"
2015,"New Orleans","Sthland"
2016,"New Orleans","Sthland"
2017,"New Orleans","Sthland"
2018,"New Orleans","Sthland"
2019,"New Orleans","Sthland"
2020,"New Orleans","Sthland"
2010,"New York Tech","GWC"
2011,"New York Tech","GWC"
2012,"New York Tech","GWC"
2013,"New York Tech","GWC"
2014,"New York Tech","IndyNCAA"
2015,"New York Tech","IndyNCAA"
2016,"New York Tech","IndyNCAA"
2017,"New York Tech","IndyNCAA"
2018,"New York Tech","IndyNCAA"
2010,"Niagara","MAAC"
2011,"Niagara","MAAC"
2012,"Niagara","MAAC"
2013,"Niagara","MAAC"
2014,"Niagara","MAAC"
2015,"Niagara","MAAC"
2016,"Niagara","MAAC"
2017,"Niagara","MAAC"
2018,"Niagara","MAAC"
2019,"Niagara","MAAC"
2020,"Niagara","MAAC"
2010,"Nicholls State","Sthland"
2011,"Nicholls State","Sthland"
2012,"Nicholls State","Sthland"
2013,"Nicholls State","Sthland"
2014,"Nicholls State","Sthland"
2015,"Nicholls State","Sthland"
2016,"Nicholls State","Sthland"
2017,"Nicholls State","Sthland"
2018,"Nicholls State","Sthland"
2019,"Nicholls State","Sthland"
2020,"Nicholls State","Sthland"
2010,"Norfolk State","MEAC"
2011,"Norfolk State","MEAC"
2012,"Norfolk State","MEAC"
2013,"Norfolk State","MEAC"
2014,"Norfolk State","MEAC"
2015,"Norfolk State","MEAC"
2016,"Norfolk State","MEAC"
2017,"Norfolk State","MEAC"
2018,"Norfolk State","MEAC"
2019,"Norfolk State","MEAC"
2020,"Norfolk State","MEAC"
2019,"North Alabama","AtlSun"
2020,"North Alabama","AtlSun"
2010,"North Carolina","ACC"
2011,"North Carolina","ACC"
2012,"North Carolina","ACC"
2013,"North Carolina","ACC"
2014,"North Carolina","ACC"
2015,"North Carolina","ACC"
2016,"North Carolina","ACC"
2017,"North Carolina","ACC"
2018,"North Carolina","ACC"
2019,"North Carolina","ACC"
2020,"North Carolina","ACC"
2010,"North Carolina Central","IndyNCAA"
2011,"North Carolina Central","IndyNCAA"
2012,"North Carolina Central","MEAC"
2013,"North Carolina Central","MEAC"
2014,"North Carolina Central","MEAC"
2015,"North Carolina Central","MEAC"
2016,"North Carolina Central","MEAC"
2017,"North Carolina Central","MEAC"
2018,"North Carolina Central","MEAC"
2019,"North Carolina Central","MEAC"
2020,"North Carolina Central","MEAC"
2010,"North Dakota","GWC"
2011,"North Dakota","GWC"
2012,"North Dakota","GWC"
2013,"North Dakota","GWC"
2014,"North Dakota","WAC"
2015,"North Dakota","WAC"
2016,"North Dakota","WAC"
2010,"North Dakota State","Summ"
2011,"North Dakota State","Summ"
2012,"North Dakota State","Summ"
2013,"North Dakota State","Summ"
2014,"North Dakota State","Summ"
2015,"North Dakota State","Summ"
2016,"North Dakota State","Summ"
2017,"North Dakota State","Summ"
2018,"North Dakota State","Summ"
2019,"North Dakota State","Summ"
2020,"North Dakota State","Summ"
2010,"North Florida","AtlSun"
2011,"North Florida","AtlSun"
2012,"North Florida","AtlSun"
2013,"North Florida","AtlSun"
2014,"North Florida","AtlSun"
2015,"North Florida","AtlSun"
2016,"North Florida","AtlSun"
2017,"North Florida","AtlSun"
2018,"North Florida","AtlSun"
2019,"North Florida","AtlSun"
2020,"North Florida","AtlSun"
2010,"Northeastern","CAA"
2011,"Northeastern","CAA"
2012,"Northeastern","CAA"
2013,"Northeastern","CAA"
2014,"Northeastern","CAA"
2015,"Northeastern","CAA"
2016,"Northeastern","CAA"
2017,"Northeastern","CAA"
2018,"Northeastern","CAA"
2019,"Northeastern","CAA"
2020,"Northeastern","CAA"
2010,"Northern Colorado","GWC"
2011,"Northern Colorado","GWC"
2012,"Northern Colorado","GWC"
2013,"Northern Colorado","GWC"
2014,"Northern Colorado","WAC"
2015,"Northern Colorado","WAC"
2016,"Northern Colorado","WAC"
2017,"Northern Colorado","WAC"
2018,"Northern Colorado","WAC"
2019,"Northern Colorado","WAC"
2020,"Northern Colorado","WAC"
2010,"Northern Illinois","MAC"
2011,"Northern Illinois","MAC"
2012,"Northern Illinois","MAC"
2013,"Northern Illinois","MAC"
2014,"Northern Illinois","MAC"
2015,"Northern Illinois","MAC"
2016,"Northern Illinois","MAC"
2017,"Northern Illinois","MAC"
2018,"Northern Illinois","MAC"
2019,"Northern Illinois","MAC"
2020,"Northern Illinois","MAC"
2013,"Northern Kentucky","AtlSun"
2014,"Northern Kentucky","AtlSun"
2015,"Northern Kentucky","AtlSun"
2016,"Northern Kentucky","Horiz"
2017,"Northern Kentucky","Horiz"
2018,"Northern Kentucky","Horiz"
2019,"Northern Kentucky","Horiz"
2020,"Northern Kentucky","Horiz"
2010,"Northwestern","Big10"
2011,"Northwestern","Big10"
2012,"Northwestern","Big10"
2013,"Northwestern","Big10"
2014,"Northwestern","Big10"
2015,"Northwestern","Big10"
2016,"Northwestern","Big10"
2017,"Northwestern","Big10"
2018,"Northwestern","Big10"
2019,"Northwestern","Big10"
2020,"Northwestern","Big10"
2010,"Northwestern State","Sthland"
2011,"Northwestern State","Sthland"
2012,"Northwestern State","Sthland"
2013,"Northwestern State","Sthland"
2014,"Northwestern State","Sthland"
2015,"Northwestern State","Sthland"
2016,"Northwestern State","Sthland"
2017,"Northwestern State","Sthland"
2018,"Northwestern State","Sthland"
2019,"Northwestern State","Sthland"
2020,"Northwestern State","Sthland"
2010,"Notre Dame","BigEast"
2011,"Notre Dame","BigEast"
2012,"Notre Dame","BigEast"
2013,"Notre Dame","BigEast"
2014,"Notre Dame","ACC"
2015,"Notre Dame","ACC"
2016,"Notre Dame","ACC"
2017,"Notre Dame","ACC"
2018,"Notre Dame","ACC"
2019,"Notre Dame","ACC"
2020,"Notre Dame","ACC"
2010,"Oakland","Summ"
2011,"Oakland","Summ"
2012,"Oakland","Summ"
2013,"Oakland","Summ"
2014,"Oakland","Horiz"
2015,"Oakland","Horiz"
2016,"Oakland","Horiz"
2017,"Oakland","Horiz"
2018,"Oakland","Horiz"
2019,"Oakland","Horiz"
2020,"Oakland","Horiz"
2010,"Ohio","MAC"
2011,"Ohio","MAC"
2012,"Ohio","MAC"
2013,"Ohio","MAC"
2014,"Ohio","MAC"
2015,"Ohio","MAC"
2016,"Ohio","MAC"
2017,"Ohio","MAC"
2018,"Ohio","MAC"
2019,"Ohio","MAC"
2020,"Ohio","MAC"
2010,"Ohio State","Big10"
2011,"Ohio State","Big10"
2012,"Ohio State","Big10"
2013,"Ohio State","Big10"
2014,"Ohio State","Big10"
2015,"Ohio State","Big10"
2016,"Ohio State","Big10"
2017,"Ohio State","Big10"
2018,"Ohio State","Big10"
2019,"Ohio State","Big10"
2020,"Ohio State","Big10"
2010,"Oklahoma","Big12"
2011,"Oklahoma","Big12"
2012,"Oklahoma","Big12"
2013,"Oklahoma","Big12"
2014,"Oklahoma","Big12"
2015,"Oklahoma","Big12"
2016,"Oklahoma","Big12"
2017,"Oklahoma","Big12"
2018,"Oklahoma","Big12"
2019,"Oklahoma","Big12"
2020,"Oklahoma","Big12"
2010,"Oklahoma State","Big12"
2011,"Oklahoma State","Big12"
2012,"Oklahoma State","Big12"
2013,"Oklahoma State","Big12"
2014,"Oklahoma State","Big12"
2015,"Oklahoma State","Big12"
2016,"Oklahoma State","Big12"
2017,"Oklahoma State","Big12"
2018,"Oklahoma State","Big12"
2019,"Oklahoma State","Big12"
2020,"Oklahoma State","Big12"
2010,"Old Dominion","CAA"
2011,"Old Dominion","CAA"
2012,"Old Dominion","CAA"
2013,"Old Dominion","CAA"
2014,"Old Dominion","ConfUSA"
2015,"Old Dominion","ConfUSA"
2016,"Old Dominion","ConfUSA"
2017,"Old Dominion","ConfUSA"
2018,"Old Dominion","ConfUSA"
2019,"Old Dominion","ConfUSA"
2020,"Old Dominion","ConfUSA"
2010,"Oral Roberts","Summ"
2011,"Oral Roberts","Summ"
2012,"Oral Roberts","Summ"
2013,"Oral Roberts","Sthland"
2014,"Oral Roberts","Sthland"
2015,"Oral Roberts","Summ"
2016,"Oral Roberts","Summ"
2017,"Oral Roberts","Summ"
2018,"Oral Roberts","Summ"
2019,"Oral Roberts","Summ"
2020,"Oral Roberts","Summ"
2010,"Oregon","Pac10"
2011,"Oregon","Pac10"
2012,"Oregon","Pac12"
2013,"Oregon","Pac12"
2014,"Oregon","Pac12"
2015,"Oregon","Pac12"
2016,"Oregon","Pac12"
2017,"Oregon","Pac12"
2018,"Oregon","Pac12"
2019,"Oregon","Pac12"
2020,"Oregon","Pac12"
2010,"Oregon State","Pac10"
2011,"Oregon State","Pac10"
2012,"Oregon State","Pac12"
2013,"Oregon State","Pac12"
2014,"Oregon State","Pac12"
2015,"Oregon State","Pac12"
2016,"Oregon State","Pac12"
2017,"Oregon State","Pac12"
2018,"Oregon State","Pac12"
2019,"Oregon State","Pac12"
2020,"Oregon State","Pac12"
2010,"Pacific","BigWest"
2011,"Pacific","BigWest"
2012,"Pacific","BigWest"
2013,"Pacific","BigWest"
2014,"Pacific","WCC"
2015,"Pacific","WCC"
2016,"Pacific","WCC"
2017,"Pacific","WCC"
2018,"Pacific","WCC"
2019,"Pacific","WCC"
2020,"Pacific","WCC"
2010,"Palm Beach Atlantic","IndyNCAA"
2010,"Penn State","Big10"
2011,"Penn State","Big10"
2012,"Penn State","Big10"
2013,"Penn State","Big10"
2014,"Penn State","Big10"
2015,"Penn State","Big10"
2016,"Penn State","Big10"
2017,"Penn State","Big10"
2018,"Penn State","Big10"
2019,"Penn State","Big10"
2020,"Penn State","Big10"
2010,"Pennsylvania","Ivy"
2011,"Pennsylvania","Ivy"
2012,"Pennsylvania","Ivy"
2013,"Pennsylvania","Ivy"
2014,"Pennsylvania","Ivy"
2015,"Pennsylvania","Ivy"
2016,"Pennsylvania","Ivy"
2017,"Pennsylvania","Ivy"
2018,"Pennsylvania","Ivy"
2019,"Pennsylvania","Ivy"
2020,"Pennsylvania","Ivy"
2010,"Pepperdine","WCC"
2011,"Pepperdine","WCC"
2012,"Pepperdine","WCC"
2013,"Pepperdine","WCC"
2014,"Pepperdine","WCC"
2015,"Pepperdine","WCC"
2016,"Pepperdine","WCC"
2017,"Pepperdine","WCC"
2018,"Pepperdine","WCC"
2019,"Pepperdine","WCC"
2020,"Pepperdine","WCC"
2010,"Pittsburgh","BigEast"
2011,"Pittsburgh","BigEast"
2012,"Pittsburgh","BigEast"
2013,"Pittsburgh","BigEast"
2014,"Pittsburgh","ACC"
2015,"Pittsburgh","ACC"
2016,"Pittsburgh","ACC"
2017,"Pittsburgh","ACC"
2018,"Pittsburgh","ACC"
2019,"Pittsburgh","ACC"
2020,"Pittsburgh","ACC"
2010,"Portland","WCC"
2011,"Portland","WCC"
2012,"Portland","WCC"
2013,"Portland","WCC"
2014,"Portland","WCC"
2015,"Portland","WCC"
2016,"Portland","WCC"
2017,"Portland","WCC"
2018,"Portland","WCC"
2019,"Portland","WCC"
2020,"Portland","WCC"
2010,"Prairie View A&M","SWAC"
2011,"Prairie View A&M","SWAC"
2012,"Prairie View A&M","SWAC"
2013,"Prairie View A&M","SWAC"
2014,"Prairie View A&M","SWAC"
2015,"Prairie View A&M","SWAC"
2016,"Prairie View A&M","SWAC"
2017,"Prairie View A&M","SWAC"
2018,"Prairie View A&M","SWAC"
2019,"Prairie View A&M","SWAC"
2020,"Prairie View A&M","SWAC"
2010,"Presbyterian College","BigSou"
2011,"Presbyterian College","BigSou"
2012,"Presbyterian College","BigSou"
2013,"Presbyterian College","BigSou"
2014,"Presbyterian College","BigSou"
2015,"Presbyterian College","BigSou"
2016,"Presbyterian College","BigSou"
2017,"Presbyterian College","BigSou"
2018,"Presbyterian College","BigSou"
2019,"Presbyterian College","BigSou"
2020,"Presbyterian College","BigSou"
2010,"Princeton","Ivy"
2011,"Princeton","Ivy"
2012,"Princeton","Ivy"
2013,"Princeton","Ivy"
2014,"Princeton","Ivy"
2015,"Princeton","Ivy"
2016,"Princeton","Ivy"
2017,"Princeton","Ivy"
2018,"Princeton","Ivy"
2019,"Princeton","Ivy"
2020,"Princeton","Ivy"
2010,"Purdue","Big10"
2011,"Purdue","Big10"
2012,"Purdue","Big10"
2013,"Purdue","Big10"
2014,"Purdue","Big10"
2015,"Purdue","Big10"
2016,"Purdue","Big10"
2017,"Purdue","Big10"
2018,"Purdue","Big10"
2019,"Purdue","Big10"
2020,"Purdue","Big10"
2010,"Quinnipiac","NEC"
2011,"Quinnipiac","NEC"
2012,"Quinnipiac","NEC"
2013,"Quinnipiac","NEC"
2014,"Quinnipiac","MAAC"
2015,"Quinnipiac","MAAC"
2016,"Quinnipiac","MAAC"
2017,"Quinnipiac","MAAC"
2018,"Quinnipiac","MAAC"
2019,"Quinnipiac","MAAC"
2020,"Quinnipiac","MAAC"
2010,"Radford","BigSou"
2011,"Radford","BigSou"
2012,"Radford","BigSou"
2013,"Radford","BigSou"
2014,"Radford","BigSou"
2015,"Radford","BigSou"
2016,"Radford","BigSou"
2017,"Radford","BigSou"
2018,"Radford","BigSou"
2019,"Radford","BigSou"
2020,"Radford","BigSou"
2010,"Rhode Island","Atl10"
2011,"Rhode Island","Atl10"
2012,"Rhode Island","Atl10"
2013,"Rhode Island","Atl10"
2014,"Rhode Island","Atl10"
2015,"Rhode Island","Atl10"
2016,"Rhode Island","Atl10"
2017,"Rhode Island","Atl10"
2018,"Rhode Island","Atl10"
2019,"Rhode Island","Atl10"
2020,"Rhode Island","Atl10"
2010,"Rice","ConfUSA"
2011,"Rice","ConfUSA"
2012,"Rice","ConfUSA"
2013,"Rice","ConfUSA"
2014,"Rice","ConfUSA"
2015,"Rice","ConfUSA"
2016,"Rice","ConfUSA"
2017,"Rice","ConfUSA"
2018,"Rice","ConfUSA"
2019,"Rice","ConfUSA"
2020,"Rice","ConfUSA"
2010,"Richmond","Atl10"
2011,"Richmond","Atl10"
2012,"Richmond","Atl10"
2013,"Richmond","Atl10"
2014,"Richmond","Atl10"
2015,"Richmond","Atl10"
2016,"Richmond","Atl10"
2017,"Richmond","Atl10"
2018,"Richmond","Atl10"
2019,"Richmond","Atl10"
2020,"Richmond","Atl10"
2010,"Rider","MAAC"
2011,"Rider","MAAC"
2012,"Rider","MAAC"
2013,"Rider","MAAC"
2014,"Rider","MAAC"
2015,"Rider","MAAC"
2016,"Rider","MAAC"
2017,"Rider","MAAC"
2018,"Rider","MAAC"
2019,"Rider","MAAC"
2020,"Rider","MAAC"
2010,"Rutgers","BigEast"
2011,"Rutgers","BigEast"
2012,"Rutgers","BigEast"
2013,"Rutgers","BigEast"
2014,"Rutgers","AAC"
2015,"Rutgers","Big10"
2016,"Rutgers","Big10"
2017,"Rutgers","Big10"
2018,"Rutgers","Big10"
2019,"Rutgers","Big10"
2020,"Rutgers","Big10"
2010,"Sacramento State","WAC"
2011,"Sacramento State","WAC"
2012,"Sacramento State","WAC"
2013,"Sacramento State","WAC"
2014,"Sacramento State","WAC"
2015,"Sacramento State","WAC"
2016,"Sacramento State","WAC"
2017,"Sacramento State","WAC"
2018,"Sacramento State","WAC"
2019,"Sacramento State","WAC"
2020,"Sacramento State","WAC"
2010,"Sacred Heart","NEC"
2011,"Sacred Heart","NEC"
2012,"Sacred Heart","NEC"
2013,"Sacred Heart","NEC"
2014,"Sacred Heart","NEC"
2015,"Sacred Heart","NEC"
2016,"Sacred Heart","NEC"
2017,"Sacred Heart","NEC"
2018,"Sacred Heart","NEC"
2019,"Sacred Heart","NEC"
2020,"Sacred Heart","NEC"
2010,"Saint Joseph's","Atl10"
2011,"Saint Joseph's","Atl10"
2012,"Saint Joseph's","Atl10"
2013,"Saint Joseph's","Atl10"
2014,"Saint Joseph's","Atl10"
2015,"Saint Joseph's","Atl10"
2016,"Saint Joseph's","Atl10"
2017,"Saint Joseph's","Atl10"
2018,"Saint Joseph's","Atl10"
2019,"Saint Joseph's","Atl10"
2020,"Saint Joseph's","Atl10"
2010,"Saint Louis","Atl10"
2011,"Saint Louis","Atl10"
2012,"Saint Louis","Atl10"
2013,"Saint Louis","Atl10"
2014,"Saint Louis","Atl10"
2015,"Saint Louis","Atl10"
2016,"Saint Louis","Atl10"
2017,"Saint Louis","Atl10"
2018,"Saint Louis","Atl10"
2019,"Saint Louis","Atl10"
2020,"Saint Louis","Atl10"
2010,"Saint Peter's","MAAC"
2011,"Saint Peter's","MAAC"
2012,"Saint Peter's","MAAC"
2013,"Saint Peter's","MAAC"
2014,"Saint Peter's","MAAC"
2015,"Saint Peter's","MAAC"
2016,"Saint Peter's","MAAC"
2017,"Saint Peter's","MAAC"
2018,"Saint Peter's","MAAC"
2019,"Saint Peter's","MAAC"
2020,"Saint Peter's","MAAC"
2010,"Sam Houston State","Sthland"
2011,"Sam Houston State","Sthland"
2012,"Sam Houston State","Sthland"
2013,"Sam Houston State","Sthland"
2014,"Sam Houston State","Sthland"
2015,"Sam Houston State","Sthland"
2016,"Sam Houston State","Sthland"
2017,"Sam Houston State","Sthland"
2018,"Sam Houston State","Sthland"
2019,"Sam Houston State","Sthland"
2020,"Sam Houston State","Sthland"
2010,"Samford","SoCon"
2011,"Samford","SoCon"
2012,"Samford","SoCon"
2013,"Samford","SoCon"
2014,"Samford","SoCon"
2015,"Samford","SoCon"
2016,"Samford","SoCon"
2017,"Samford","SoCon"
2018,"Samford","SoCon"
2019,"Samford","SoCon"
2020,"Samford","SoCon"
2010,"San Diego","WCC"
2011,"San Diego","WCC"
2012,"San Diego","WCC"
2013,"San Diego","WCC"
2014,"San Diego","WCC"
2015,"San Diego","WCC"
2016,"San Diego","WCC"
2017,"San Diego","WCC"
2018,"San Diego","WCC"
2019,"San Diego","WCC"
2020,"San Diego","WCC"
2010,"San Diego State","MWC"
2011,"San Diego State","MWC"
2012,"San Diego State","MWC"
2013,"San Diego State","MWC"
2014,"San Diego State","MWC"
2015,"San Diego State","MWC"
2016,"San Diego State","MWC"
2017,"San Diego State","MWC"
2018,"San Diego State","MWC"
2019,"San Diego State","MWC"
2020,"San Diego State","MWC"
2010,"San Francisco","WCC"
2011,"San Francisco","WCC"
2012,"San Francisco","WCC"
2013,"San Francisco","WCC"
2014,"San Francisco","WCC"
2015,"San Francisco","WCC"
2016,"San Francisco","WCC"
2017,"San Francisco","WCC"
2018,"San Francisco","WCC"
2019,"San Francisco","WCC"
2020,"San Francisco","WCC"
2010,"San Jose State","WAC"
2011,"San Jose State","WAC"
2012,"San Jose State","WAC"
2013,"San Jose State","WAC"
2014,"San Jose State","MWC"
2015,"San Jose State","MWC"
2016,"San Jose State","MWC"
2017,"San Jose State","MWC"
2018,"San Jose State","MWC"
2019,"San Jose State","MWC"
2020,"San Jose State","MWC"
2010,"Santa Clara","WCC"
2011,"Santa Clara","WCC"
2012,"Santa Clara","WCC"
2013,"Santa Clara","WCC"
2014,"Santa Clara","WCC"
2015,"Santa Clara","WCC"
2016,"Santa Clara","WCC"
2017,"Santa Clara","WCC"
2018,"Santa Clara","WCC"
2019,"Santa Clara","WCC"
2020,"Santa Clara","WCC"
2010,"Savannah State","IndyNCAA"
2011,"Savannah State","IndyNCAA"
2012,"Savannah State","MEAC"
2013,"Savannah State","MEAC"
2014,"Savannah State","MEAC"
2015,"Savannah State","MEAC"
2016,"Savannah State","MEAC"
2017,"Savannah State","MEAC"
2018,"Savannah State","MEAC"
2019,"Savannah State","MEAC"
2020,"Savannah State","MEAC"
2010,"SE Louisiana","Sthland"
2011,"SE Louisiana","Sthland"
2012,"SE Louisiana","Sthland"
2013,"SE Louisiana","Sthland"
2014,"SE Louisiana","Sthland"
2015,"SE Louisiana","Sthland"
2016,"SE Louisiana","Sthland"
2017,"SE Louisiana","Sthland"
2018,"SE Louisiana","Sthland"
2019,"SE Louisiana","Sthland"
2020,"SE Louisiana","Sthland"
2010,"SE Missouri State","OVC"
2011,"SE Missouri State","OVC"
2012,"SE Missouri State","OVC"
2013,"SE Missouri State","OVC"
2014,"SE Missouri State","OVC"
2015,"SE Missouri State","OVC"
2016,"SE Missouri State","OVC"
2017,"SE Missouri State","OVC"
2018,"SE Missouri State","OVC"
2019,"SE Missouri State","OVC"
2020,"SE Missouri State","OVC"
2010,"Seattle","IndyNCAA"
2011,"Seattle","IndyNCAA"
2012,"Seattle","IndyNCAA"
2013,"Seattle","WAC"
2014,"Seattle","WAC"
2015,"Seattle","WAC"
2016,"Seattle","WAC"
2017,"Seattle","WAC"
2018,"Seattle","WAC"
2019,"Seattle","WAC"
2020,"Seattle","WAC"
2010,"Seton Hall","BigEast"
2011,"Seton Hall","BigEast"
2012,"Seton Hall","BigEast"
2013,"Seton Hall","BigEast"
2014,"Seton Hall","BigEast"
2015,"Seton Hall","BigEast"
2016,"Seton Hall","BigEast"
2017,"Seton Hall","BigEast"
2018,"Seton Hall","BigEast"
2019,"Seton Hall","BigEast"
2020,"Seton Hall","BigEast"
2010,"Siena College","MAAC"
2011,"Siena College","MAAC"
2012,"Siena College","MAAC"
2013,"Siena College","MAAC"
2014,"Siena College","MAAC"
2015,"Siena College","MAAC"
2016,"Siena College","MAAC"
2017,"Siena College","MAAC"
2018,"Siena College","MAAC"
2019,"Siena College","MAAC"
2020,"Siena College","MAAC"
2010,"SIU-Edwardsville","OVC"
2011,"SIU-Edwardsville","IndyNCAA"
2012,"SIU-Edwardsville","OVC"
2013,"SIU-Edwardsville","OVC"
2014,"SIU-Edwardsville","OVC"
2015,"SIU-Edwardsville","OVC"
2016,"SIU-Edwardsville","OVC"
2017,"SIU-Edwardsville","OVC"
2018,"SIU-Edwardsville","OVC"
2019,"SIU-Edwardsville","OVC"
2020,"SIU-Edwardsville","OVC"
2010,"South Alabama","SBC"
2011,"South Alabama","SBC"
2012,"South Alabama","SBC"
2013,"South Alabama","SBC"
2014,"South Alabama","SBC"
2015,"South Alabama","SBC"
2016,"South Alabama","SBC"
2017,"South Alabama","SBC"
2018,"South Alabama","SBC"
2019,"South Alabama","SBC"
2020,"South Alabama","SBC"
2010,"South Carolina","SEC"
2011,"South Carolina","SEC"
2012,"South Carolina","SEC"
2013,"South Carolina","SEC"
2014,"South Carolina","SEC"
2015,"South Carolina","SEC"
2016,"South Carolina","SEC"
2017,"South Carolina","SEC"
2018,"South Carolina","SEC"
2019,"South Carolina","SEC"
2020,"South Carolina","SEC"
2010,"South Dakota State","Summ"
2011,"South Dakota State","Summ"
2012,"South Dakota State","Summ"
2013,"South Dakota State","Summ"
2014,"South Dakota State","Summ"
2015,"South Dakota State","Summ"
2016,"South Dakota State","Summ"
2017,"South Dakota State","Summ"
2018,"South Dakota State","Summ"
2019,"South Dakota State","Summ"
2020,"South Dakota State","Summ"
2010,"South Florida","BigEast"
2011,"South Florida","BigEast"
2012,"South Florida","BigEast"
2013,"South Florida","BigEast"
2014,"South Florida","AAC"
2015,"South Florida","AAC"
2016,"South Florida","AAC"
2017,"South Florida","AAC"
2018,"South Florida","AAC"
2019,"South Florida","AAC"
2020,"South Florida","AAC"
2010,"Southern","SWAC"
2011,"Southern","SWAC"
2012,"Southern","SWAC"
2013,"Southern","SWAC"
2014,"Southern","SWAC"
2015,"Southern","SWAC"
2016,"Southern","SWAC"
2017,"Southern","SWAC"
2018,"Southern","SWAC"
2019,"Southern","SWAC"
2020,"Southern","SWAC"
2010,"Southern Illinois","MVC"
2011,"Southern Illinois","MVC"
2012,"Southern Illinois","MVC"
2013,"Southern Illinois","MVC"
2014,"Southern Illinois","MVC"
2015,"Southern Illinois","MVC"
2016,"Southern Illinois","MVC"
2017,"Southern Illinois","MVC"
2018,"Southern Illinois","MVC"
2019,"Southern Illinois","MVC"
2020,"Southern Illinois","MVC"
2010,"Southern Miss","ConfUSA"
2011,"Southern Miss","ConfUSA"
2012,"Southern Miss","ConfUSA"
2013,"Southern Miss","ConfUSA"
2014,"Southern Miss","ConfUSA"
2015,"Southern Miss","ConfUSA"
2016,"Southern Miss","ConfUSA"
2017,"Southern Miss","ConfUSA"
2018,"Southern Miss","ConfUSA"
2019,"Southern Miss","ConfUSA"
2020,"Southern Miss","ConfUSA"
2010,"Southern Utah","Summ"
2011,"Southern Utah","Summ"
2012,"Southern Utah","Summ"
2010,"St. Bonaventure","Atl10"
2011,"St. Bonaventure","Atl10"
2012,"St. Bonaventure","Atl10"
2013,"St. Bonaventure","Atl10"
2014,"St. Bonaventure","Atl10"
2015,"St. Bonaventure","Atl10"
2016,"St. Bonaventure","Atl10"
2017,"St. Bonaventure","Atl10"
2018,"St. Bonaventure","Atl10"
2019,"St. Bonaventure","Atl10"
2020,"St. Bonaventure","Atl10"
2010,"St. John's","BigEast"
2011,"St. John's","BigEast"
2012,"St. John's","BigEast"
2013,"St. John's","BigEast"
2014,"St. John's","BigEast"
2015,"St. John's","BigEast"
2016,"St. John's","BigEast"
2017,"St. John's","BigEast"
2018,"St. John's","BigEast"
2019,"St. John's","BigEast"
2020,"St. John's","BigEast"
2010,"St. Mary's (CA)","WCC"
2011,"St. Mary's (CA)","WCC"
2012,"St. Mary's (CA)","WCC"
2013,"St. Mary's (CA)","WCC"
2014,"St. Mary's (CA)","WCC"
2015,"St. Mary's (CA)","WCC"
2016,"St. Mary's (CA)","WCC"
2017,"St. Mary's (CA)","WCC"
2018,"St. Mary's (CA)","WCC"
2019,"St. Mary's (CA)","WCC"
2020,"St. Mary's (CA)","WCC"
2010,"Stanford","Pac10"
2011,"Stanford","Pac10"
2012,"Stanford","Pac12"
2013,"Stanford","Pac12"
2014,"Stanford","Pac12"
2015,"Stanford","Pac12"
2016,"Stanford","Pac12"
2017,"Stanford","Pac12"
2018,"Stanford","Pac12"
2019,"Stanford","Pac12"
2020,"Stanford","Pac12"
2010,"Stephen F. Austin","Sthland"
2011,"Stephen F. Austin","Sthland"
2012,"Stephen F. Austin","Sthland"
2013,"Stephen F. Austin","Sthland"
2014,"Stephen F. Austin","Sthland"
2015,"Stephen F. Austin","Sthland"
2016,"Stephen F. Austin","Sthland"
2017,"Stephen F. Austin","Sthland"
2018,"Stephen F. Austin","Sthland"
2019,"Stephen F. Austin","Sthland"
2020,"Stephen F. Austin","Sthland"
2010,"Stetson","AtlSun"
2011,"Stetson","AtlSun"
2012,"Stetson","AtlSun"
2013,"Stetson","AtlSun"
2014,"Stetson","AtlSun"
2015,"Stetson","AtlSun"
2016,"Stetson","AtlSun"
2017,"Stetson","AtlSun"
2018,"Stetson","AtlSun"
2019,"Stetson","AtlSun"
2020,"Stetson","AtlSun"
2010,"Stony Brook","AmEast"
2011,"Stony Brook","AmEast"
2012,"Stony Brook","AmEast"
2013,"Stony Brook","AmEast"
2014,"Stony Brook","AmEast"
2015,"Stony Brook","AmEast"
2016,"Stony Brook","AmEast"
2017,"Stony Brook","AmEast"
2018,"Stony Brook","AmEast"
2019,"Stony Brook","AmEast"
2020,"Stony Brook","AmEast"
2010,"SUNY - Albany","AmEast"
2011,"SUNY - Albany","AmEast"
2012,"SUNY - Albany","AmEast"
2013,"SUNY - Albany","AmEast"
2014,"SUNY - Albany","AmEast"
2015,"SUNY - Albany","AmEast"
2016,"SUNY - Albany","AmEast"
2017,"SUNY - Albany","AmEast"
2018,"SUNY - Albany","AmEast"
2019,"SUNY - Albany","AmEast"
2020,"SUNY - Albany","AmEast"
2010,"Temple","Atl10"
2011,"Temple","Atl10"
2012,"Temple","Atl10"
2013,"Temple","Atl10"
2014,"Temple","AAC"
2010,"Tennessee","SEC"
2011,"Tennessee","SEC"
2012,"Tennessee","SEC"
2013,"Tennessee","SEC"
2014,"Tennessee","SEC"
2015,"Tennessee","SEC"
2016,"Tennessee","SEC"
2017,"Tennessee","SEC"
2018,"Tennessee","SEC"
2019,"Tennessee","SEC"
2020,"Tennessee","SEC"
2010,"Tennessee-Martin","OVC"
2011,"Tennessee-Martin","OVC"
2012,"Tennessee-Martin","OVC"
2013,"Tennessee-Martin","OVC"
2014,"Tennessee-Martin","OVC"
2015,"Tennessee-Martin","OVC"
2016,"Tennessee-Martin","OVC"
2017,"Tennessee-Martin","OVC"
2018,"Tennessee-Martin","OVC"
2019,"Tennessee-Martin","OVC"
2020,"Tennessee-Martin","OVC"
2010,"Tennessee Tech","OVC"
2011,"Tennessee Tech","OVC"
2012,"Tennessee Tech","OVC"
2013,"Tennessee Tech","OVC"
2014,"Tennessee Tech","OVC"
2015,"Tennessee Tech","OVC"
2016,"Tennessee Tech","OVC"
2017,"Tennessee Tech","OVC"
2018,"Tennessee Tech","OVC"
2019,"Tennessee Tech","OVC"
2020,"Tennessee Tech","OVC"
2010,"Texas","Big12"
2011,"Texas","Big12"
2012,"Texas","Big12"
2013,"Texas","Big12"
2014,"Texas","Big12"
2015,"Texas","Big12"
2016,"Texas","Big12"
2017,"Texas","Big12"
2018,"Texas","Big12"
2019,"Texas","Big12"
2020,"Texas","Big12"
2010,"Texas-Arlington","Sthland"
2011,"Texas-Arlington","Sthland"
2012,"Texas-Arlington","Sthland"
2013,"Texas-Arlington","WAC"
2014,"Texas-Arlington","SBC"
2015,"Texas-Arlington","SBC"
2016,"Texas-Arlington","SBC"
2017,"Texas-Arlington","SBC"
2018,"Texas-Arlington","SBC"
2019,"Texas-Arlington","SBC"
2020,"Texas-Arlington","SBC"
2010,"Texas-Pan American","GWC"
2011,"Texas-Pan American","GWC"
2012,"Texas-Pan American","GWC"
2013,"Texas-Pan American","GWC"
2014,"Texas-Pan American","WAC"
2015,"Texas-Pan American","WAC"
2016,"Texas-Pan American","WAC"
2017,"Texas-Pan American","WAC"
2018,"Texas-Pan American","WAC"
2019,"Texas-Pan American","WAC"
2020,"Texas-Pan American","WAC"
2010,"Texas-San Antonio","Sthland"
2011,"Texas-San Antonio","Sthland"
2012,"Texas-San Antonio","Sthland"
2013,"Texas-San Antonio","WAC"
2014,"Texas-San Antonio","ConfUSA"
2015,"Texas-San Antonio","ConfUSA"
2016,"Texas-San Antonio","ConfUSA"
2017,"Texas-San Antonio","ConfUSA"
2018,"Texas-San Antonio","ConfUSA"
2019,"Texas-San Antonio","ConfUSA"
2020,"Texas-San Antonio","ConfUSA"
2010,"Texas A&M","Big12"
2011,"Texas A&M","Big12"
2012,"Texas A&M","Big12"
2013,"Texas A&M","SEC"
2014,"Texas A&M","SEC"
2015,"Texas A&M","SEC"
2016,"Texas A&M","SEC"
2017,"Texas A&M","SEC"
2018,"Texas A&M","SEC"
2019,"Texas A&M","SEC"
2020,"Texas A&M","SEC"
2010,"Texas A&M-Corpus Christi","Sthland"
2011,"Texas A&M-Corpus Christi","Sthland"
2012,"Texas A&M-Corpus Christi","Sthland"
2013,"Texas A&M-Corpus Christi","Sthland"
2014,"Texas A&M-Corpus Christi","Sthland"
2015,"Texas A&M-Corpus Christi","Sthland"
2016,"Texas A&M-Corpus Christi","Sthland"
2017,"Texas A&M-Corpus Christi","Sthland"
2018,"Texas A&M-Corpus Christi","Sthland"
2019,"Texas A&M-Corpus Christi","Sthland"
2020,"Texas A&M-Corpus Christi","Sthland"
2010,"Texas Christian","MWC"
2011,"Texas Christian","MWC"
2012,"Texas Christian","MWC"
2013,"Texas Christian","Big12"
2014,"Texas Christian","Big12"
2015,"Texas Christian","Big12"
2016,"Texas Christian","Big12"
2017,"Texas Christian","Big12"
2018,"Texas Christian","Big12"
2019,"Texas Christian","Big12"
2020,"Texas Christian","Big12"
2010,"Texas Southern","SWAC"
2011,"Texas Southern","SWAC"
2012,"Texas Southern","SWAC"
2013,"Texas Southern","SWAC"
2014,"Texas Southern","SWAC"
2015,"Texas Southern","SWAC"
2016,"Texas Southern","SWAC"
2017,"Texas Southern","SWAC"
2018,"Texas Southern","SWAC"
2019,"Texas Southern","SWAC"
2020,"Texas Southern","SWAC"
2010,"Texas State","Sthland"
2011,"Texas State","Sthland"
2012,"Texas State","Sthland"
2013,"Texas State","WAC"
2014,"Texas State","SBC"
2015,"Texas State","SBC"
2016,"Texas State","SBC"
2017,"Texas State","SBC"
2018,"Texas State","SBC"
2019,"Texas State","SBC"
2020,"Texas State","SBC"
2010,"Texas Tech","Big12"
2011,"Texas Tech","Big12"
2012,"Texas Tech","Big12"
2013,"Texas Tech","Big12"
2014,"Texas Tech","Big12"
2015,"Texas Tech","Big12"
2016,"Texas Tech","Big12"
2017,"Texas Tech","Big12"
2018,"Texas Tech","Big12"
2019,"Texas Tech","Big12"
2020,"Texas Tech","Big12"
2010,"The Citadel","SoCon"
2011,"The Citadel","SoCon"
2012,"The Citadel","SoCon"
2013,"The Citadel","SoCon"
2014,"The Citadel","SoCon"
2015,"The Citadel","SoCon"
2016,"The Citadel","SoCon"
2017,"The Citadel","SoCon"
2018,"The Citadel","SoCon"
2019,"The Citadel","SoCon"
2020,"The Citadel","SoCon"
2010,"Toledo","MAC"
2011,"Toledo","MAC"
2012,"Toledo","MAC"
2013,"Toledo","MAC"
2014,"Toledo","MAC"
2015,"Toledo","MAC"
2016,"Toledo","MAC"
2017,"Toledo","MAC"
2018,"Toledo","MAC"
2019,"Toledo","MAC"
2020,"Toledo","MAC"
2010,"Towson","CAA"
2011,"Towson","CAA"
2012,"Towson","CAA"
2013,"Towson","CAA"
2014,"Towson","CAA"
2015,"Towson","CAA"
2016,"Towson","CAA"
2017,"Towson","CAA"
2018,"Towson","CAA"
2019,"Towson","CAA"
2020,"Towson","CAA"
2010,"Troy","SBC"
2011,"Troy","SBC"
2012,"Troy","SBC"
2013,"Troy","SBC"
2014,"Troy","SBC"
2015,"Troy","SBC"
2016,"Troy","SBC"
2017,"Troy","SBC"
2018,"Troy","SBC"
2019,"Troy","SBC"
2020,"Troy","SBC"
2010,"Tulane","ConfUSA"
2011,"Tulane","ConfUSA"
2012,"Tulane","ConfUSA"
2013,"Tulane","ConfUSA"
2014,"Tulane","ConfUSA"
2015,"Tulane","AAC"
2016,"Tulane","AAC"
2017,"Tulane","AAC"
2018,"Tulane","AAC"
2019,"Tulane","AAC"
2020,"Tulane","AAC"
2010,"UC Davis","BigWest"
2011,"UC Davis","BigWest"
2012,"UC Davis","BigWest"
2013,"UC Davis","BigWest"
2014,"UC Davis","BigWest"
2015,"UC Davis","BigWest"
2016,"UC Davis","BigWest"
2017,"UC Davis","BigWest"
2018,"UC Davis","BigWest"
2019,"UC Davis","BigWest"
2020,"UC Davis","BigWest"
2010,"UC Irvine","BigWest"
2011,"UC Irvine","BigWest"
2012,"UC Irvine","BigWest"
2013,"UC Irvine","BigWest"
2014,"UC Irvine","BigWest"
2015,"UC Irvine","BigWest"
2016,"UC Irvine","BigWest"
2017,"UC Irvine","BigWest"
2018,"UC Irvine","BigWest"
2019,"UC Irvine","BigWest"
2020,"UC Irvine","BigWest"
2010,"UC Riverside","BigWest"
2011,"UC Riverside","BigWest"
2012,"UC Riverside","BigWest"
2013,"UC Riverside","BigWest"
2014,"UC Riverside","BigWest"
2015,"UC Riverside","BigWest"
2016,"UC Riverside","BigWest"
2017,"UC Riverside","BigWest"
2018,"UC Riverside","BigWest"
2019,"UC Riverside","BigWest"
2020,"UC Riverside","BigWest"
2010,"UC Santa Barbara","BigWest"
2011,"UC Santa Barbara","BigWest"
2012,"UC Santa Barbara","BigWest"
2013,"UC Santa Barbara","BigWest"
2014,"UC Santa Barbara","BigWest"
2015,"UC Santa Barbara","BigWest"
2016,"UC Santa Barbara","BigWest"
2017,"UC Santa Barbara","BigWest"
2018,"UC Santa Barbara","BigWest"
2019,"UC Santa Barbara","BigWest"
2020,"UC Santa Barbara","BigWest"
2010,"UCLA","Pac10"
2011,"UCLA","Pac10"
2012,"UCLA","Pac12"
2013,"UCLA","Pac12"
2014,"UCLA","Pac12"
2015,"UCLA","Pac12"
2016,"UCLA","Pac12"
2017,"UCLA","Pac12"
2018,"UCLA","Pac12"
2019,"UCLA","Pac12"
2020,"UCLA","Pac12"
2010,"UMD-Baltimore Cty","AmEast"
2011,"UMD-Baltimore Cty","AmEast"
2012,"UMD-Baltimore Cty","AmEast"
2013,"UMD-Baltimore Cty","AmEast"
2014,"UMD-Baltimore Cty","AmEast"
2015,"UMD-Baltimore Cty","AmEast"
2016,"UMD-Baltimore Cty","AmEast"
2017,"UMD-Baltimore Cty","AmEast"
2018,"UMD-Baltimore Cty","AmEast"
2019,"UMD-Baltimore Cty","AmEast"
2020,"UMD-Baltimore Cty","AmEast"
2010,"UNC-Greensboro","SoCon"
2011,"UNC-Greensboro","SoCon"
2012,"UNC-Greensboro","SoCon"
2013,"UNC-Greensboro","SoCon"
2014,"UNC-Greensboro","SoCon"
2015,"UNC-Greensboro","SoCon"
2016,"UNC-Greensboro","SoCon"
2017,"UNC-Greensboro","SoCon"
2018,"UNC-Greensboro","SoCon"
2019,"UNC-Greensboro","SoCon"
2020,"UNC-Greensboro","SoCon"
2010,"UNC Asheville","BigSou"
2011,"UNC Asheville","BigSou"
2012,"UNC Asheville","BigSou"
2013,"UNC Asheville","BigSou"
2014,"UNC Asheville","BigSou"
2015,"UNC Asheville","BigSou"
2016,"UNC Asheville","BigSou"
2017,"UNC Asheville","BigSou"
2018,"UNC Asheville","BigSou"
2019,"UNC Asheville","BigSou"
2020,"UNC Asheville","BigSou"
2010,"UNC Charlotte","Atl10"
2011,"UNC Charlotte","Atl10"
2012,"UNC Charlotte","Atl10"
2013,"UNC Charlotte","Atl10"
2014,"UNC Charlotte","ConfUSA"
2015,"UNC Charlotte","ConfUSA"
2016,"UNC Charlotte","ConfUSA"
2017,"UNC Charlotte","ConfUSA"
2018,"UNC Charlotte","ConfUSA"
2019,"UNC Charlotte","ConfUSA"
2020,"UNC Charlotte","ConfUSA"
2010,"UNC Wilmington","CAA"
2011,"UNC Wilmington","CAA"
2012,"UNC Wilmington","CAA"
2013,"UNC Wilmington","CAA"
2014,"UNC Wilmington","CAA"
2015,"UNC Wilmington","CAA"
2016,"UNC Wilmington","CAA"
2017,"UNC Wilmington","CAA"
2018,"UNC Wilmington","CAA"
2019,"UNC Wilmington","CAA"
2020,"UNC Wilmington","CAA"
2010,"University at Buffalo","MAC"
2011,"University at Buffalo","MAC"
2012,"University at Buffalo","MAC"
2013,"University at Buffalo","MAC"
2014,"University at Buffalo","MAC"
2015,"University at Buffalo","MAC"
2016,"University at Buffalo","MAC"
2017,"University at Buffalo","MAC"
2010,"UNLV","MWC"
2011,"UNLV","MWC"
2012,"UNLV","MWC"
2013,"UNLV","MWC"
2014,"UNLV","MWC"
2015,"UNLV","MWC"
2016,"UNLV","MWC"
2017,"UNLV","MWC"
2018,"UNLV","MWC"
2019,"UNLV","MWC"
2020,"UNLV","MWC"
2010,"USC","Pac10"
2011,"USC","Pac10"
2012,"USC","Pac12"
2013,"USC","Pac12"
2014,"USC","Pac12"
2015,"USC","Pac12"
2016,"USC","Pac12"
2017,"USC","Pac12"
2018,"USC","Pac12"
2019,"USC","Pac12"
2020,"USC","Pac12"
2010,"USC-Upstate","AtlSun"
2011,"USC-Upstate","AtlSun"
2012,"USC-Upstate","AtlSun"
2013,"USC-Upstate","AtlSun"
2014,"USC-Upstate","AtlSun"
2015,"USC-Upstate","AtlSun"
2016,"USC-Upstate","AtlSun"
2017,"USC-Upstate","AtlSun"
2018,"USC-Upstate","AtlSun"
2019,"USC-Upstate","BigSou"
2020,"USC-Upstate","BigSou"
2010,"Utah","MWC"
2011,"Utah","MWC"
2012,"Utah","Pac12"
2013,"Utah","Pac12"
2014,"Utah","Pac12"
2015,"Utah","Pac12"
2016,"Utah","Pac12"
2017,"Utah","Pac12"
2018,"Utah","Pac12"
2019,"Utah","Pac12"
2020,"Utah","Pac12"
2010,"Utah Valley U","GWC"
2011,"Utah Valley U","GWC"
2012,"Utah Valley U","GWC"
2013,"Utah Valley U","GWC"
2014,"Utah Valley U","WAC"
2015,"Utah Valley U","WAC"
2016,"Utah Valley U","WAC"
2017,"Utah Valley U","WAC"
2018,"Utah Valley U","WAC"
2019,"Utah Valley U","WAC"
2020,"Utah Valley U","WAC"
2010,"UW Milwaukee","Horiz"
2011,"UW Milwaukee","Horiz"
2012,"UW Milwaukee","Horiz"
2013,"UW Milwaukee","Horiz"
2014,"UW Milwaukee","Horiz"
2015,"UW Milwaukee","Horiz"
2016,"UW Milwaukee","Horiz"
2017,"UW Milwaukee","Horiz"
2018,"UW Milwaukee","Horiz"
2019,"UW Milwaukee","Horiz"
2020,"UW Milwaukee","Horiz"
2010,"Va Military Inst.","BigSou"
2011,"Va Military Inst.","BigSou"
2012,"Va Military Inst.","BigSou"
2013,"Va Military Inst.","BigSou"
2014,"Va Military Inst.","BigSou"
2015,"Va Military Inst.","SoCon"
2016,"Va Military Inst.","SoCon"
2017,"Va Military Inst.","SoCon"
2018,"Va Military Inst.","SoCon"
2019,"Va Military Inst.","SoCon"
2020,"Va Military Inst.","SoCon"
2010,"Va. Commonwealth","CAA"
2011,"Va. Commonwealth","CAA"
2012,"Va. Commonwealth","CAA"
2013,"Va. Commonwealth","Atl10"
2014,"Va. Commonwealth","Atl10"
2015,"Va. Commonwealth","Atl10"
2016,"Va. Commonwealth","Atl10"
2017,"Va. Commonwealth","Atl10"
2018,"Va. Commonwealth","Atl10"
2019,"Va. Commonwealth","Atl10"
2020,"Va. Commonwealth","Atl10"
2010,"Valparaiso","Horiz"
2011,"Valparaiso","Horiz"
2012,"Valparaiso","Horiz"
2013,"Valparaiso","Horiz"
2014,"Valparaiso","Horiz"
2015,"Valparaiso","Horiz"
2016,"Valparaiso","Horiz"
2017,"Valparaiso","Horiz"
2018,"Valparaiso","MVC"
2019,"Valparaiso","MVC"
2020,"Valparaiso","MVC"
2010,"Vanderbilt","SEC"
2011,"Vanderbilt","SEC"
2012,"Vanderbilt","SEC"
2013,"Vanderbilt","SEC"
2014,"Vanderbilt","SEC"
2015,"Vanderbilt","SEC"
2016,"Vanderbilt","SEC"
2017,"Vanderbilt","SEC"
2018,"Vanderbilt","SEC"
2019,"Vanderbilt","SEC"
2020,"Vanderbilt","SEC"
2010,"Villanova","BigEast"
2011,"Villanova","BigEast"
2012,"Villanova","BigEast"
2013,"Villanova","BigEast"
2014,"Villanova","BigEast"
2015,"Villanova","BigEast"
2016,"Villanova","BigEast"
2017,"Villanova","BigEast"
2018,"Villanova","BigEast"
2019,"Villanova","BigEast"
2020,"Villanova","BigEast"
2010,"Virginia","ACC"
2011,"Virginia","ACC"
2012,"Virginia","ACC"
2013,"Virginia","ACC"
2014,"Virginia","ACC"
2015,"Virginia","ACC"
2016,"Virginia","ACC"
2017,"Virginia","ACC"
2018,"Virginia","ACC"
2019,"Virginia","ACC"
2020,"Virginia","ACC"
2010,"Virginia Tech","ACC"
2011,"Virginia Tech","ACC"
2012,"Virginia Tech","ACC"
2013,"Virginia Tech","ACC"
2014,"Virginia Tech","ACC"
2015,"Virginia Tech","ACC"
2016,"Virginia Tech","ACC"
2017,"Virginia Tech","ACC"
2018,"Virginia Tech","ACC"
2019,"Virginia Tech","ACC"
2020,"Virginia Tech","ACC"
2010,"Wagner","NEC"
2011,"Wagner","NEC"
2012,"Wagner","NEC"
2013,"Wagner","NEC"
2014,"Wagner","NEC"
2015,"Wagner","NEC"
2016,"Wagner","NEC"
2017,"Wagner","NEC"
2018,"Wagner","NEC"
2019,"Wagner","NEC"
2020,"Wagner","NEC"
2010,"Wake Forest","ACC"
2011,"Wake Forest","ACC"
2012,"Wake Forest","ACC"
2013,"Wake Forest","ACC"
2014,"Wake Forest","ACC"
2015,"Wake Forest","ACC"
2016,"Wake Forest","ACC"
2017,"Wake Forest","ACC"
2018,"Wake Forest","ACC"
2019,"Wake Forest","ACC"
2020,"Wake Forest","ACC"
2010,"Washington","Pac10"
2011,"Washington","Pac10"
2012,"Washington","Pac12"
2013,"Washington","Pac12"
2014,"Washington","Pac12"
2015,"Washington","Pac12"
2016,"Washington","Pac12"
2017,"Washington","Pac12"
2018,"Washington","Pac12"
2019,"Washington","Pac12"
2020,"Washington","Pac12"
2010,"Washington State","Pac10"
2011,"Washington State","Pac10"
2012,"Washington State","Pac12"
2013,"Washington State","Pac12"
2014,"Washington State","Pac12"
2015,"Washington State","Pac12"
2016,"Washington State","Pac12"
2017,"Washington State","Pac12"
2018,"Washington State","Pac12"
2019,"Washington State","Pac12"
2020,"Washington State","Pac12"
2010,"West Virginia","BigEast"
2011,"West Virginia","BigEast"
2012,"West Virginia","BigEast"
2013,"West Virginia","Big12"
2014,"West Virginia","Big12"
2015,"West Virginia","Big12"
2016,"West Virginia","Big12"
2017,"West Virginia","Big12"
2018,"West Virginia","Big12"
2019,"West Virginia","Big12"
2020,"West Virginia","Big12"
2010,"Western Carolina","SoCon"
2011,"Western Carolina","SoCon"
2012,"Western Carolina","SoCon"
2013,"Western Carolina","SoCon"
2014,"Western Carolina","SoCon"
2015,"Western Carolina","SoCon"
2016,"Western Carolina","SoCon"
2017,"Western Carolina","SoCon"
2018,"Western Carolina","SoCon"
2019,"Western Carolina","SoCon"
2020,"Western Carolina","SoCon"
2010,"Western Illinois","Summ"
2011,"Western Illinois","Summ"
2012,"Western Illinois","Summ"
2013,"Western Illinois","Summ"
2014,"Western Illinois","Summ"
2015,"Western Illinois","Summ"
2016,"Western Illinois","Summ"
2017,"Western Illinois","Summ"
2018,"Western Illinois","Summ"
2019,"Western Illinois","Summ"
2020,"Western Illinois","Summ"
2010,"Western Kentucky","SBC"
2011,"Western Kentucky","SBC"
2012,"Western Kentucky","SBC"
2013,"Western Kentucky","SBC"
2014,"Western Kentucky","SBC"
2015,"Western Kentucky","ConfUSA"
2016,"Western Kentucky","ConfUSA"
2017,"Western Kentucky","ConfUSA"
2018,"Western Kentucky","ConfUSA"
2019,"Western Kentucky","ConfUSA"
2020,"Western Kentucky","ConfUSA"
2010,"Western Michigan","MAC"
2011,"Western Michigan","MAC"
2012,"Western Michigan","MAC"
2013,"Western Michigan","MAC"
2014,"Western Michigan","MAC"
2015,"Western Michigan","MAC"
2016,"Western Michigan","MAC"
2017,"Western Michigan","MAC"
2018,"Western Michigan","MAC"
2019,"Western Michigan","MAC"
2020,"Western Michigan","MAC"
2010,"Wichita State","MVC"
2011,"Wichita State","MVC"
2012,"Wichita State","MVC"
2013,"Wichita State","MVC"
2014,"Wichita State","MVC"
2015,"Wichita State","MVC"
2016,"Wichita State","MVC"
2017,"Wichita State","MVC"
2018,"Wichita State","AAC"
2019,"Wichita State","AAC"
2020,"Wichita State","AAC"
2010,"William and Mary","CAA"
2011,"William and Mary","CAA"
2012,"William and Mary","CAA"
2013,"William and Mary","CAA"
2014,"William and Mary","CAA"
2015,"William and Mary","CAA"
2016,"William and Mary","CAA"
2017,"William and Mary","CAA"
2018,"William and Mary","CAA"
2019,"William and Mary","CAA"
2020,"William and Mary","CAA"
2010,"Winthrop","BigSou"
2011,"Winthrop","BigSou"
2012,"Winthrop","BigSou"
2013,"Winthrop","BigSou"
2014,"Winthrop","BigSou"
2015,"Winthrop","BigSou"
2016,"Winthrop","BigSou"
2017,"Winthrop","BigSou"
2018,"Winthrop","BigSou"
2019,"Winthrop","BigSou"
2020,"Winthrop","BigSou"
2010,"Wofford","SoCon"
2011,"Wofford","SoCon"
2012,"Wofford","SoCon"
2013,"Wofford","SoCon"
2014,"Wofford","SoCon"
2015,"Wofford","SoCon"
2016,"Wofford","SoCon"
2017,"Wofford","SoCon"
2018,"Wofford","SoCon"
2019,"Wofford","SoCon"
2020,"Wofford","SoCon"
2010,"Wright State","Horiz"
2011,"Wright State","Horiz"
2012,"Wright State","Horiz"
2013,"Wright State","Horiz"
2014,"Wright State","Horiz"
2015,"Wright State","Horiz"
2016,"Wright State","Horiz"
2017,"Wright State","Horiz"
2018,"Wright State","Horiz"
2019,"Wright State","Horiz"
2020,"Wright State","Horiz"
2010,"Xavier","Atl10"
2011,"Xavier","Atl10"
2012,"Xavier","Atl10"
2013,"Xavier","Atl10"
2014,"Xavier","BigEast"
2015,"Xavier","BigEast"
2016,"Xavier","BigEast"
2017,"Xavier","BigEast"
2018,"Xavier","BigEast"
2019,"Xavier","BigEast"
2020,"Xavier","BigEast"
2010,"Yale","Ivy"
2011,"Yale","Ivy"
2012,"Yale","Ivy"
2013,"Yale","Ivy"
2014,"Yale","Ivy"
2015,"Yale","Ivy"
2016,"Yale","Ivy"
2017,"Yale","Ivy"
2018,"Yale","Ivy"
2019,"Yale","Ivy"
2020,"Yale","Ivy"
2010,"Youngstown State","Horiz"
2011,"Youngstown State","Horiz"
2012,"Youngstown State","Horiz"
2013,"Youngstown State","Horiz"
2014,"Youngstown State","Horiz"
2015,"Youngstown State","Horiz"
2016,"Youngstown State","Horiz"
2017,"Youngstown State","Horiz"
2018,"Youngstown State","Horiz"
2019,"Youngstown State","Horiz"
2020,"Youngstown State","Horiz"
